"","placelist...1.","X","positions","X.1","day1$testing_rate_final","day2$testing_rate_final","day3$testing_rate_final","day4$testing_rate_final","day5$testing_rate_final","day6$testing_rate_final","day1$population","diff1","diff2","diff3","diff4","diff5","averages"
"1","City of Agoura Hills, CA",1,34.123286,-118.758541,26802,27506,27697,27870,28162,28382,20883,1.02626669651519,1.00694393950411,1.00624616384446,1.01047721564406,1.00781194517435,0.0115491921364328
"2","City of Alhambra, CA",2,34.090728,-118.127527,25555,26108,26300,26541,26768,26993,86724,1.02163960086089,1.00735406771871,1.00916349809886,1.00855280509401,1.00840555887627,0.0110231061297461
"3","City of Arcadia, CA",3,34.136258,-118.026704,19581,20089,20284,20534,20695,20868,57754,1.02594351667433,1.009706804719,1.01232498521002,1.0078406545242,1.00835950712733,0.0128350936509749
"4","City of Artesia, CA",4,33.865395,-118.073148,30491,31110,31366,31450,31783,32010,16795,1.02030107244761,1.00822886531662,1.00267805904483,1.01058823529412,1.00714218292798,0.00978768300623001
"5","City of Avalon, CA",5,33.34281,-118.32785,1732,1732,1732,1706,1706,1706,3869,1,1,0.984988452655889,1,1,-0.00300230946882218
"6","City of Azusa, CA",6,34.13529,-117.91506,23549,23949,24123,24261,24548,24798,50040,1.01698585927216,1.007265439058,1.00572068150728,1.01182968550348,1.01018412905328,0.0103971588788392
"7","City of Baldwin Park, CA",7,34.08529,-117.9609,25519,25960,26176,26211,26465,26646,76769,1.01728124142796,1.00832049306626,1.00133710268949,1.0096905879211,1.00683922161345,0.0086937293436502
"8","City of Bell, CA",8,33.976663,-118.168903,28083,28595,28798,28952,29343,29696,36332,1.01823167040558,1.00709914320685,1.00534759358289,1.01350511190937,1.01203012643561,0.0112427291080599
"9","City of Bell Gardens, CA",9,33.9653,-118.1515,27585,28225,28460,28597,29015,29291,43071,1.02320101504441,1.00832595217006,1.0048137737175,1.01461691785852,1.00951232121317,0.0120939960007302
"10","City of Bellflower, CA",10,33.888014,-118.12965,27093,27639,27856,27948,28260,28538,77735,1.02015280699812,1.00785122471869,1.00330269959793,1.0111635895234,1.00983722576079,0.0104615093197875
"11","City of Beverly Hills, CA",11,34.0736,-118.4004,51695,52677,52943,53265,53751,54282,34520,1.01899603443273,1.00504964215882,1.00608201273067,1.00912419036891,1.00987888597421,0.009826153133069
"12","City of Bradbury, CA",12,34.147,-117.9709,5426,5426,5426,4490,4490,4677,1069,1,1,0.827497235532621,1,1.04164810690423,-0.0261709315126295
"13","City of Burbank, CA",13,34.200993,-118.292773,29409,30253,30492,30764,31107,31473,107180,1.02869869767758,1.00790004297095,1.00892037255674,1.01114939539722,1.01176584048606,0.0136868698177088
"14","City of Calabasas, CA",14,34.12331,-118.671028,27340,28245,28442,28734,29022,29363,24323,1.03310168251646,1.00697468578509,1.01026650727797,1.01002296930466,1.01174970711874,0.0144231104005834
"15","City of Carson, CA",15,33.813317,-118.261154,22995,23575,23751,23829,24126,24374,93846,1.02522287453794,1.00746553552492,1.00328407224959,1.01246380460783,1.01027936665838,0.0117431307157321
"16","City of Cerritos, CA",16,33.866914,-118.068648,21150,21711,21915,22072,22324,22548,50067,1.02652482269504,1.00939615862927,1.007164042893,1.01141718013773,1.01003404407812,0.01290724968663
"17","City of Claremont, CA",17,34.09668,-117.71978,21308,21864,22119,22352,22558,22725,36484,1.02609348601464,1.01166300768386,1.01053393010534,1.00921617752326,1.00740313857611,0.012981947980645
"18","City of Commerce, CA",18,34,-118.1598,31846,32581,32788,32994,33308,33690,13069,1.02307982164165,1.00635339615113,1.00628278638526,1.00951688185731,1.01146871622433,0.0113403204519364
"19","City of Compton, CA",19,33.874815,-118.240208,27633,28089,28314,28463,28763,28992,99904,1.01650200846814,1.008010253124,1.00526241435332,1.01053999929733,1.00796161735563,0.00965525851968452
"20","City of Covina, CA",20,34.097345,-117.906736,25441,26071,26297,26344,26554,26944,49032,1.02476317754805,1.00866863564881,1.00178727611515,1.00797145460067,1.01468705279807,0.0115755193421487
"21","City of Cudahy, CA",21,33.96057,-118.185349,27457,27995,28242,28398,28747,29170,24347,1.01959427468405,1.00882300410788,1.00552368812407,1.012289597859,1.01471457891258,0.012189028737517
"22","City of Culver City, CA",22,33.998214,-118.394059,33300,34341,34587,34971,35412,35690,39865,1.03126126126126,1.00716344893859,1.01110243733195,1.01261044865746,1.00785044617644,0.0139976084731379
"23","City of Diamond Bar, CA",23,34.02862,-117.81034,18293,18719,18950,19167,19398,19558,57515,1.02328759634833,1.01234040279929,1.01145118733509,1.01205196431366,1.00824827301784,0.0134758847628436
"24","City of Downey, CA",24,33.9401,-118.1332,28952,29534,29799,29959,30259,30451,114263,1.02010223818734,1.00897270941965,1.00536930769489,1.01001368537001,1.00634521960408,0.0101606320551952
"25","City of Duarte, CA",25,34.1395,-117.9773,25531,25963,26108,26344,26585,26803,22016,1.01692060632173,1.00558487077765,1.00903937490424,1.00914819313696,1.00820011284559,0.00977863159723236
"26","City of El Monte, CA",26,34.078573,-118.043456,24762,25176,25437,25552,25730,25859,117269,1.01671916646474,1.01036701620591,1.00452097338523,1.00696618659987,1.00501360279829,0.00871738909080921
"27","City of El Segundo, CA",27,33.91918,-118.41647,27916,30245,30448,30704,30948,31133,16786,1.08342885800258,1.00671185319888,1.0084077771939,1.00794684731631,1.00597776916117,0.0224946209745687
"28","City of Gardena, CA",28,33.888315,-118.295256,24856,25446,25640,25836,26120,26322,61310,1.02373672352752,1.00762398805313,1.00764430577223,1.01099241368633,1.00773353751914,0.0115461937116705
"29","City of Glendale, CA",29,34.17051,-118.289463,24530,25126,25302,25454,25743,26043,206493,1.02429677945373,1.00700469633049,1.00600743024267,1.0113538147246,1.01165365342035,0.0120632748343683
"30","City of Glendora, CA",30,34.119363,-117.855059,20959,21513,21706,21797,22068,22383,52764,1.02643255880529,1.00897131966718,1.00419238920114,1.01243290361059,1.01427406199021,0.0132606466548815
"31","City of Hawaiian Gardens, CA",31,33.830967,-118.072796,22104,22554,22670,22738,22949,23119,14676,1.02035830618892,1.00514321184712,1.0029995588884,1.00927962001935,1.00740773018432,0.00903768542562378
"32","City of Hawthorne, CA",32,33.914775,-118.348083,24712,25229,25424,25576,25821,26034,88787,1.02092101003561,1.00772920052321,1.0059786028949,1.00957929308727,1.00824909957012,0.0104914412222215
"33","City of Hermosa Beach, CA",33,33.86224,-118.39952,30336,31210,31479,31800,32156,32328,19670,1.02881065400844,1.00861903236142,1.01019727437339,1.01119496855346,1.00534892399552,0.0128341706584467
"34","City of Hidden Hills, CA",34,34.160283,-118.65231,31746,32857,33016,33439,33862,34233,1890,1.03499653499654,1.00483915147457,1.01281196995396,1.01264989981758,1.01095623412675,0.0152507580738792
"35","City of Huntington Park, CA",35,33.977987,-118.213137,27500,28039,28245,28362,28719,29070,59484,1.0196,1.00734690966154,1.00414232607541,1.01258726464988,1.01222187402068,0.0111796748815043
"36","City of Industry, CA",36,34.0197,-117.9587,95881,99085,100229,104577,120595,128375,437,1.03341642244032,1.01154564263007,1.04338065829251,1.1531694349618,1.06451345412331,0.0612051224895991
"37","City of Inglewood, CA",37,33.956526,-118.358654,26369,26971,27157,27346,27681,27962,113582,1.02282983806743,1.00689629602165,1.00695953161248,1.01225042053682,1.0101513673639,0.0118174907204553
"38","City of Irwindale, CA",38,34.106953,-117.935341,31186,31803,32077,31597,32214,32557,1459,1.01978451869429,1.00861553941452,0.985036007107897,1.01952717030098,1.01064754454585,0.00872215601270621
"39","City of La Canada Flintridge, CA",39,34.222261,-118.205369,26545,27251,27478,27787,28067,28372,20693,1.02659634582784,1.0083299695424,1.0112453599243,1.01007665455069,1.01086685431289,0.0134230368316257
"40","City of La Habra Heights, CA",40,33.960846,-117.950619,2200,2273,2273,1705,1705,1705,5455,1.03318181818182,1,0.750109986801584,1,1,-0.0433416390033196
"41","City of La Mirada, CA",41,33.9172,-118.012,20448,20958,21164,21295,21545,21738,49599,1.02494131455399,1.00982918217387,1.00618975618976,1.01173984503405,1.00895799489441,0.0123316185692142
"42","City of La Puente, CA",42,34.031415,-117.93647,24668,25093,25287,25363,25589,25852,40697,1.01722879844333,1.00773123978799,1.00300549689564,1.00891061782912,1.01027785376529,0.00943080134427299
"43","City of La Verne, CA",43,34.10084,-117.76784,20687,21186,21402,21585,21820,22003,33282,1.02412142891671,1.01019541206457,1.00855060274741,1.01088719017836,1.00838680109991,0.0124282870013923
"44","City of Lakewood, CA",44,33.8536,-118.134,23884,24497,24696,24818,25113,25345,80362,1.02566571763524,1.00812344368698,1.0049400712666,1.01188653396728,1.009238243141,0.0119708019394211
"45","City of Lancaster, CA",45,34.713292,-118.15292,20447,21011,21274,21420,21765,22024,161570,1.02758350858317,1.01251725286755,1.00686283726615,1.01610644257703,1.01189983919136,0.0149939760970503
"46","City of Lawndale, CA",46,33.88856,-118.351813,21783,22178,22318,22482,22743,22874,33614,1.01813340678511,1.00631256199838,1.00734832870329,1.01160928742994,1.00576001407026,0.00983271979739619
"47","City of Lomita, CA",47,33.79224,-118.31507,20527,21019,21270,21371,21689,21853,20729,1.0239684318215,1.01194157666873,1.00474847202633,1.01487997753966,1.00756143667297,0.012619978945837
"48","City of Lynwood, CA",48,33.924538,-118.202954,28998,29518,29751,29807,30075,30319,72047,1.01793227119112,1.00789348871875,1.00188228967094,1.00899117656926,1.00811305070657,0.00896245537132589
"49","City of Malibu, CA",49,34.039034,-118.707992,29203,29751,29944,30129,30538,30816,12961,1.01876519535664,1.00648717690162,1.00617819930537,1.01357496100103,1.00910341214225,0.0108217889413813
"50","City of Manhattan Beach, CA",50,33.889151,-118.402127,26715,27709,28015,28295,28567,28704,35999,1.03720756129515,1.01104334331806,1.0099946457255,1.00961300583142,1.00479574334022,0.0145308599020697
"51","City of Maywood, CA",51,33.988463,-118.187376,27562,28008,28208,28322,28725,29256,28049,1.01618169944126,1.00714081690945,1.00404140669314,1.0142292211002,1.01848563968668,0.0120157567661481
"52","City of Monrovia, CA",52,34.1528,-118.000482,24526,25082,25302,25559,25840,26106,38800,1.02266981978309,1.0087712303644,1.0101572998182,1.01099417035095,1.01029411764706,0.0125773275927399
"53","City of Montebello, CA",53,34.00946,-118.10535,29763,30391,30635,30818,31164,31464,64375,1.02110002351913,1.00802869270508,1.00597355965399,1.01122720488026,1.00962649210628,0.0111911945729488
"54","City of Monterey Park, CA",54,34.052922,-118.143465,22969,23440,23652,23873,24148,24374,62262,1.02050589925552,1.00904436860068,1.00934381870455,1.011519289574,1.00935895312241,0.0119544658514317
"55","City of Norwalk, CA",55,33.906763,-118.076549,25424,25977,26195,26273,26552,26811,107622,1.02175110132159,1.00839203911152,1.0029776674938,1.01061926692802,1.00975444410967,0.0106989037929202
"56","City of Palmdale, CA",56,34.408383,-118.123597,22864,23435,23720,23895,24268,24558,158968,1.02497375787264,1.01216129720504,1.00737774030354,1.01560996024273,1.01194989286303,0.0144145296973945
"57","City of Palos Verdes Estates, CA",57,33.800571,-118.390074,18466,18976,19161,19287,19465,19679,13522,1.02761832557132,1.00974915682968,1.00657585720996,1.00922901436201,1.01099409195993,0.0128332891865783
"58","City of Paramount, CA",58,33.899015,-118.165152,27987,28490,28708,28835,29129,29377,56023,1.01797263014971,1.00765180765181,1.00442385397799,1.01019594243107,1.00851385217481,0.00975161727707752
"59","City of Pico Rivera, CA",59,33.985812,-118.088787,27953,28485,28707,28845,29150,29438,64284,1.01903194648159,1.00779357556609,1.004807189884,1.01057375628358,1.00987993138937,0.0104172799209263
"60","City of Pomona, CA",60,34.042286,-117.756106,25877,26427,26677,26811,27087,27274,155931,1.02125439579549,1.00946002194725,1.00502305356674,1.01029428219761,1.00690368073245,0.0105870868479097
"61","City of Rancho Palos Verdes, CA",61,33.753146,-118.367459,17646,18100,18308,18399,18572,18684,42747,1.02572821035929,1.01149171270718,1.0049705046974,1.00940268492853,1.00603058367435,0.0115247392733495
"62","City of Redondo Beach, CA",62,33.830006,-118.387124,23561,24173,24419,24640,24936,25077,68697,1.02597512839014,1.01017664336243,1.00905032966133,1.01201298701299,1.00565447545717,0.0125739127768103
"63","City of Rolling Hills, CA",63,33.756962,-118.353961,18402,18814,18969,19072,19175,19433,1940,1.02238887077492,1.00823854576379,1.00542991196162,1.00540058724832,1.01345501955671,0.0109825870610734
"64","City of Rolling Hills Estates, CA",64,33.787794,-118.358128,20436,20818,21003,21016,21250,21447,8113,1.01869250342533,1.0088865404938,1.00061895919631,1.01113437381043,1.00927058823529,0.00972059303223216
"65","City of Rosemead, CA",65,34.065493,-118.084529,20322,20701,20903,21073,21212,21406,55350,1.0186497391989,1.00975798270615,1.00813280390375,1.00659611825559,1.00914576654724,0.0104564821223236
"66","City of San Dimas, CA",66,34.10668,-117.80673,23279,23945,24212,24342,24531,24771,34516,1.02860947635208,1.01115055335143,1.00536923839418,1.00776435789993,1.0097835391953,0.0125354330385845
"67","City of San Fernando, CA",67,34.2819,-118.439,33797,34629,34869,35300,35747,36263,24612,1.02461756960677,1.00693060729446,1.01236054948522,1.01266288951841,1.01443477774359,0.0142012787296901
"68","City of San Gabriel, CA",68,34.114772,-118.089431,22999,23417,23639,23900,24151,24291,40954,1.01817470324797,1.00948029209549,1.01104107618766,1.01050209205021,1.00579686141361,0.010999004998985
"69","City of San Marino, CA",69,34.122671,-118.112911,21564,21978,22038,22257,22618,22874,13277,1.01919866444073,1.00273000273,1.00993738088756,1.01621961630049,1.01131841895835,0.0118808166634272
"70","City of Santa Clarita, CA",70,34.440891,-118.501748,24036,24753,25018,25287,25589,25790,220424,1.02983025461807,1.01070577303761,1.01075225837397,1.01194289555898,1.00785493766853,0.0142172238514335
"71","City of Santa Fe Springs, CA",71,33.927063,-118.063698,25817,26269,26487,26519,26857,27096,18364,1.0175078436689,1.00829875518672,1.00120813984219,1.01274557864173,1.00889898350523,0.00973186016895378
"72","City of Santa Monica, CA",72,34.013666,-118.49375,36280,37322,37561,37927,38332,38717,92446,1.0287210584344,1.00640372970366,1.00974414951679,1.01067840852163,1.0100438276114,0.0131182347575749
"73","City of Sierra Madre, CA",73,34.168771,-118.050216,26390,26872,27109,27500,27773,28010,10989,1.01826449412656,1.00881958916344,1.0144232542698,1.00992727272727,1.00853346775645,0.0119936156087062
"74","City of Signal Hill, CA",74,33.803448,-118.168135,27600,28355,28567,28923,29168,29423,11797,1.02735507246377,1.00747663551402,1.0124619315994,1.00847076720949,1.00874245748766,0.0129013728548659
"75","City of South El Monte, CA",75,34.05195,-118.04673,26986,27402,27690,27814,27987,28173,20885,1.01541540057808,1.01051018173856,1.00447815095702,1.0062198892644,1.00664594275914,0.00865391305943963
"76","City of South Gate, CA",76,33.956062,-118.205202,29796,30395,30624,30780,31099,31424,98155,1.02010336957981,1.0075341339036,1.00509404388715,1.01036387264457,1.01045049680054,0.0107091833631348
"77","City of South Pasadena, CA",77,34.108957,-118.156615,31808,32633,32887,33370,33716,34000,26053,1.02593687122736,1.00778353200748,1.01468665430109,1.010368594546,1.00842330051014,0.0134397905184152
"78","City of Temple City, CA",78,34.10723,-118.05785,21791,22216,22378,22707,22897,23067,36455,1.01950346473315,1.0072920417717,1.01470193940477,1.00836746377769,1.00742455343495,0.0114578926244506
"79","City of Torrance, CA",79,33.835665,-118.353805,19507,19992,20204,20331,20546,20676,149268,1.02486286973907,1.01060424169668,1.00628588398337,1.01057498401456,1.00632726564781,0.0117310490162981
"80","City of Vernon, CA",80,34.003903,-118.230073,144976,145933,147368,148325,153110,158852,209,1.00660109259464,1.00983327965573,1.00649394712556,1.03226023933929,1.03750244921952,0.0185382015869471
"81","City of Walnut, CA",81,34.0203,-117.8653,18269,18905,19121,19304,19570,19828,30532,1.03481307132301,1.01142554879661,1.00957062915119,1.01377952755906,1.01318344404701,0.0165544441753762
"82","City of West Covina, CA",82,34.066964,-117.937007,24401,24955,25174,25232,25445,25719,108235,1.02270398754149,1.00877579643358,1.00230396440772,1.00844166138237,1.01076832383572,0.0105987467201785
"83","City of West Hollywood, CA",83,34.093828,-118.381697,42443,43677,43934,44356,44832,45181,36951,1.02907428786844,1.00588410376171,1.00960531706651,1.01073135539724,1.00778461812991,0.0126159364447596
"84","City of Westlake Village, CA",84,34.137015,-118.82193,4569,4892,4952,4725,4761,4785,8360,1.07069380608448,1.01226492232216,0.954159935379645,1.00761904761905,1.00504095778198,0.00995573383746229
"85","City of Whittier, CA",85,34.004311,-118.0441,24494,25077,25277,25437,25749,25969,87432,1.0238017473667,1.00797543565817,1.00632986509475,1.01226559735818,1.00854402112703,0.0117833333209676
"86","Los Angeles - Adams-Normandie, CA",86,34.0343,-118.2993,28773,29261,29468,29700,30090,30346,8202,1.01696034476766,1.00707426267045,1.00787294692548,1.01313131313131,1.00850780990362,0.0107093354797054
"87","Los Angeles - Alsace, CA",87,33.9786,-118.4156,25368,25970,26171,26468,26766,26967,12445,1.02373068432671,1.00773969965345,1.01134843911199,1.01125887864591,1.00750952701188,0.0123174457499888
"88","Los Angeles - Angeles National Forest, CA",88,34.3168,-118.0058,15000,15000,15000,15000,17500,17500,40,1,1,1,1.16666666666667,1,0.0333333333333334
"89","Los Angeles - Angelino Heights, CA",89,34.0703,-118.2548,47962,48521,48841,49161,49640,50200,2502,1.01165506025604,1.00659508254158,1.00655187240229,1.00974349586054,1.01128122481869,0.00916534717582707
"90","Los Angeles - Arleta, CA",90,34.2505,-118.4338,33730,34565,34865,35284,35825,36383,34370,1.0247554106137,1.00867929986981,1.01201778287681,1.01533272871557,1.01557571528262,0.0152721874717014
"91","Los Angeles - Atwater Village, CA",91,34.1173,-118.2614,41456,42391,42656,43025,43597,44136,14666,1.02255403319182,1.0062513269326,1.00865060015004,1.01329459616502,1.01236323600248,0.0126227584883913
"92","Los Angeles - Baldwin Hills, CA",92,34.0067,-118.3506,27463,28138,28331,28585,28877,29096,31125,1.02457852383207,1.00685905181605,1.00896544421305,1.01021514780479,1.00758389029331,0.0116404115918547
"93","Los Angeles - Bel Air, CA",93,34.1002,-118.4595,33397,34263,34405,35010,35390,35615,8429,1.02593047279696,1.00414441233984,1.0175846533934,1.01085404170237,1.0063577281718,0.0129742616808746
"94","Los Angeles - Beverly Crest, CA",94,34.1013,-118.4163,32886,34108,34259,34571,35042,35425,12525,1.03715866934258,1.00442711387358,1.00910709594559,1.01362413583639,1.01092974145311,0.015049351290251
"95","Los Angeles - Beverlywood, CA",95,34.0494,-118.3952,37569,38754,38981,39346,39794,40234,13173,1.03154196278847,1.00585745987511,1.00936353608168,1.01138616377777,1.01105694325778,0.0138412131561607
"96","Los Angeles - Boyle Heights, CA",96,34.0298,-118.2117,33588,34207,34394,34731,35104,35621,86884,1.01842920090509,1.00546671733856,1.00979822061988,1.01073968500763,1.01472766636281,0.0118322980467909
"97","Los Angeles - Brentwood, CA",97,34.0521,-118.4732,38692,40081,40333,40824,41383,41858,30955,1.03589889382818,1.00628726828173,1.01217365432772,1.01369292572996,1.0114781431989,0.0159061770732987
"98","Los Angeles - Brookside, CA",98,34.0622,-118.3385,38382,39071,39759,40275,40792,41308,581,1.0179511229222,1.0176089682885,1.01297819361654,1.01283674736189,1.01264953912532,0.0148049142628899
"99","Los Angeles - Cadillac-Corning, CA",99,34.0423,-118.3875,26485,27117,27243,27398,27707,28184,7121,1.02386256371531,1.00464653169598,1.0056895349264,1.01127819548872,1.01721586602664,0.0125385383706111
"100","Los Angeles - Canoga Park, CA",100,34.2083,-118.6059,27564,28274,28464,28800,29149,29547,65289,1.02575823537948,1.00671995472873,1.01180438448567,1.01211805555556,1.0136539846993,0.0140109229697463
"101","Los Angeles - Carthay, CA",101,34.0558,-118.368,43118,44106,44468,44963,45652,46091,14363,1.02291386427942,1.00820750011336,1.01113160025187,1.0153237106065,1.00961622710944,0.0134385804721169
"102","Los Angeles - Central, CA",102,34.0687,-118.3228,31004,31535,31699,31814,32130,32363,38992,1.0171268223455,1.00520057079436,1.00362787469636,1.00993273401647,1.00725178960473,0.00862795829148477
"103","Los Angeles - Century City, CA",103,34.0537,-118.4134,35038,36335,36554,37015,37430,37883,12792,1.03701695302243,1.00602724645658,1.01261147890792,1.01121167094421,1.01210259150414,0.0157939881670575
"104","Los Angeles - Century Palms/Cove, CA",104,0,0,28783,29272,29497,29672,29891,30208,33766,1.01698919501094,1.00768652637333,1.00593280672611,1.00738069560528,1.0106051988893,0.0097188845209919
"105","Los Angeles - Chatsworth, CA",105,34.2506,-118.6148,31049,31758,31982,32363,32805,33186,37061,1.02283487390898,1.00705334089048,1.01191295103496,1.01365757191855,1.01161408321902,0.0134145641943988
"106","Los Angeles - Cheviot Hills, CA",106,34.0403,-118.4042,41130,42351,42700,43212,43648,44128,9171,1.02968636032093,1.00824065547449,1.0119906323185,1.01008978987318,1.01099706744868,0.0142009010871571
"107","Los Angeles - Chinatown, CA",107,34.0623,-118.2383,30981,31929,32178,32490,32776,33175,8021,1.03059939963203,1.00779855303956,1.00969606563491,1.0088027085257,1.01217354161582,0.0138140536896023
"108","Los Angeles - Cloverdale/Cochran, CA",108,0,0,29588,30331,30482,30777,31093,31451,14553,1.02511153170204,1.00497840493225,1.00967784266124,1.01026740747961,1.01151384556009,0.0123098064670473
"109","Los Angeles - Country Club Park, CA",109,34.0503,-118.3212,31169,31895,32112,32310,32706,32951,15153,1.02329237383298,1.00680357422794,1.00616591928251,1.01225626740947,1.00749098024827,0.0112018230002331
"110","Los Angeles - Crenshaw District, CA",110,34.0182,-118.3404,32808,33473,33625,34030,34348,34746,13829,1.02026944647647,1.00454097332178,1.01204460966543,1.0093446958566,1.01158728310236,0.0115574016845279
"111","Los Angeles - Crestview, CA",111,34.0479,-118.3804,37650,38749,38934,39409,39945,40420,11368,1.02918990703851,1.00477431675656,1.01220013355936,1.01360095409678,1.01189135060708,0.0143313324116592
"112","Los Angeles - Del Rey, CA",112,33.986,-118.4249,29490,30285,30549,30866,31240,31641,29936,1.02695829094608,1.0087171867261,1.01037677174376,1.01211689237349,1.01283610755442,0.0142010498687688
"113","Los Angeles - Downtown, CA",113,34.0407,-118.2468,55081,56517,56833,57378,57989,58665,27507,1.02607069588424,1.00559123803457,1.00958949905865,1.01064868067901,1.01165738329683,0.0127114993906601
"114","Los Angeles - Eagle Rock, CA",114,34.1392,-118.2141,38607,39503,39751,40221,40764,41153,39589,1.02320822648742,1.00627800420221,1.01182360192196,1.01350041023346,1.00954273378471,0.0128705953259547
"115","Los Angeles - East Hollywood, CA",115,34.0913,-118.2936,30922,31731,31939,32267,32639,32981,29287,1.02616260267771,1.00655510384167,1.01026957637997,1.01152880652059,1.01047826220166,0.0129988703243207
"116","Los Angeles - Echo Park, CA",116,34.0782,-118.2606,49242,50442,50758,51221,51838,52420,14256,1.02436944072134,1.00626462075255,1.00912171480358,1.0120458405732,1.01122728500328,0.0126057803707886
"117","Los Angeles - El Sereno, CA",117,34.0736,-118.1786,34063,34666,34831,35244,35634,36084,41808,1.01770249244048,1.00475970691744,1.01185725359593,1.0110657133129,1.01262838861761,0.0116027109768739
"118","Los Angeles - Elysian Park, CA",118,34.0838,-118.2366,39023,39811,40109,40249,40511,41036,5712,1.02019321938344,1.00748536836553,1.00349048841906,1.00650947849636,1.01295944311422,0.0101275995557204
"119","Los Angeles - Elysian Valley, CA",119,34.0967,-118.2427,37587,38216,38433,38885,39357,39750,10171,1.01673450927182,1.00567824994767,1.01176072645903,1.01213835669281,1.00998551718881,0.0112594719120287
"120","Los Angeles - Encino, CA",120,34.1517,-118.5214,33507,34568,34834,35210,35639,36091,45172,1.03166502521861,1.00769497801435,1.01079405178848,1.01218403862539,1.01268273520581,0.0150041657705293
"121","Los Angeles - Exposition, CA",121,34.0149,-118.2862,31930,32682,32892,33103,33343,33764,3326,1.0235515189477,1.00642555535157,1.00641493372249,1.00725009817841,1.01262633836187,0.0112536889124082
"122","Los Angeles - Exposition Park, CA",122,34.0149,-118.2862,26767,27422,27620,27871,28141,28424,44917,1.0244704300071,1.00722047990664,1.00908761766836,1.00968748878763,1.01005650119043,0.0121045035120324
"123","Los Angeles - Faircrest Heights, CA",123,34.0476,-118.371,32778,33778,34139,34667,34972,35306,3600,1.03050826774056,1.01068742968796,1.01546618237207,1.008797992327,1.00955049754089,0.0150020739336949
"124","Los Angeles - Figueroa Park Square, CA",124,33.9602,-118.284,29710,30249,30547,30673,30902,31223,8721,1.01814203971727,1.009851565341,1.0041247913052,1.00746584944414,1.010387677173,0.00999438459612145
"125","Los Angeles - Florence-Firestone, CA",125,33.9672,-118.2436,30775,31323,31485,31672,31938,32309,47445,1.01780666125102,1.00517191839862,1.00593933619184,1.00839858550139,1.01161625649696,0.00978655156796515
"126","Los Angeles - Glassell Park, CA",126,34.109,-118.2334,34704,35540,35758,36122,36527,36998,31604,1.02408944213923,1.00613393359595,1.01017954024274,1.01121200376502,1.01289457113916,0.0129018981764204
"127","Los Angeles - Gramercy Place, CA",127,34.0468,-118.3127,29051,29998,30212,30713,31094,31382,10764,1.03259784516884,1.00713380892059,1.01658281477559,1.012405170449,1.00926223708754,0.0155963752803117
"128","Los Angeles - Granada Hills, CA",128,34.2794,-118.5022,29680,30455,30687,31019,31345,31668,58191,1.02611185983828,1.0076177967493,1.01081891354645,1.01050968761082,1.01030467379167,0.0130725863073045
"129","Los Angeles - Green Meadows, CA",129,33.9556,-118.2694,29077,29584,29733,29923,30226,30416,21505,1.0174364618083,1.00503650621958,1.00639020616823,1.01012599004111,1.00628597895851,0.00905502863914576
"130","Los Angeles - Hancock Park, CA",130,34.0723,-118.3287,35888,36763,37009,37402,37901,38359,17039,1.02438140882746,1.00669151048609,1.01061903861223,1.01334153253837,1.01208411387562,0.0134235208679538
"131","Los Angeles - Harbor City, CA",131,33.79002,-118.29785,19742,20251,20437,20561,20808,20943,29070,1.02578259548171,1.00918473161819,1.00606742672604,1.01201303438549,1.00648788927336,0.0119071354969571
"132","Los Angeles - Harbor Gateway, CA",132,33.8405,-118.3024,22463,22952,23108,23204,23413,23580,43600,1.02176913146062,1.00679679330777,1.00415440540073,1.00900706774694,1.00713278947593,0.00977203747839916
"133","Los Angeles - Harbor Pines, CA",133,33.7824,-118.3038,18971,19220,19344,19718,20091,20382,2409,1.01312529650519,1.00645161290323,1.01933416046319,1.01891672583426,1.01448409735703,0.0144623786125799
"134","Los Angeles - Harvard Heights, CA",134,34.0422,-118.3042,25451,26088,26199,26399,26654,26848,18035,1.02502848611057,1.00425482980681,1.00763387915569,1.00965945679761,1.0072784572672,0.0107710218275747
"135","Los Angeles - Harvard Park, CA",135,33.9837,-118.3043,31040,31644,31831,32131,32477,32832,37935,1.0194587628866,1.00590949311086,1.00942477459081,1.01076841679375,1.01093081257505,0.0112984519914134
"136","Los Angeles - Highland Park, CA",136,34.1155,-118.1844,33816,34626,34839,35277,35657,36098,48391,1.02395315826828,1.00615144688962,1.01257211745458,1.01077189103382,1.01236783801217,0.0131632903316925
"137","Los Angeles - Historic Filipinotown, CA",137,34.0703,-118.268,35963,36835,37037,37289,37657,38104,13870,1.02424714289687,1.00548391475499,1.00680400680401,1.00986886213092,1.01187030299811,0.0116548459169799
"138","Los Angeles - Hollywood, CA",138,34.0928,-118.3287,34106,35051,35257,35544,35952,36391,68254,1.02770773470944,1.00587715043793,1.00814022747256,1.01147873058744,1.01221072541166,0.0130829137238055
"139","Los Angeles - Hollywood Hills, CA",139,34.1177,-118.352,38693,39927,40222,40626,41106,41598,29434,1.03189207350167,1.00738848398327,1.01004425438815,1.01181509378231,1.01196905561232,0.0146217922535417
"140","Los Angeles - Hyde Park, CA",140,33.9806,-118.3306,30994,31660,31880,32185,32522,32823,28541,1.02148802994128,1.00694883133291,1.00956712672522,1.01047071617213,1.00925527335342,0.0115459955049926
"141","Los Angeles - Jefferson Park, CA",141,34.0272,-118.3176,28849,29419,29592,29989,30410,30806,8073,1.01975805053901,1.00588055338387,1.01341578805082,1.01403848077628,1.01302203222624,0.0132229809952462
"142","Los Angeles - Koreatown, CA",142,34.0597,-118.3009,25050,25706,25876,26079,26390,26661,51693,1.0261876247505,1.00661324204466,1.00784510743546,1.01192530388435,1.01026904130352,0.0125680638836989
"143","Los Angeles - Lafayette Square, CA",143,34.0431,-118.3319,29875,30511,30643,30994,31213,31542,4559,1.02128870292887,1.00432630854446,1.01145449205365,1.00706588371943,1.01054047992823,0.0109351734349288
"144","Los Angeles - Lake Balboa, CA",144,34.2011,-118.5011,30335,31154,31391,31683,32038,32384,42206,1.02699851656502,1.00760736984015,1.00930202924405,1.01120474702522,1.01079967538548,0.0131824676119845
"145","Los Angeles - Lakeview Terrace, CA",145,34.2764,-118.3612,33823,34668,34866,35224,35575,36207,13133,1.02498299973391,1.00571131879543,1.0102678827511,1.0099647967295,1.01776528460998,0.0137384565239851
"146","Los Angeles - Leimert Park, CA",146,34.0107,-118.3235,31001,31605,31808,32045,32458,32806,15235,1.01948324247605,1.00642303433001,1.00745095573441,1.01288812607271,1.01072154784645,0.0113933812919249
"147","Los Angeles - Lincoln Heights, CA",147,34.0737,-118.2118,35031,35660,35896,36310,36718,37200,32597,1.01795552510633,1.00661805945036,1.0115333184756,1.01123657394657,1.01312707663816,0.0120941107234054
"148","Los Angeles - Little Armenia, CA",148,34.0981,-118.3005,37383,38280,38417,38555,38717,39040,8025,1.0239948639756,1.003578892372,1.00359215972096,1.00420178965115,1.008342588527,0.00874205884934165
"149","Los Angeles - Little Bangladesh, CA",149,34.0691,-118.2969,27121,27771,27926,28303,28649,28970,28343,1.02396666789573,1.00558136185229,1.01349996419108,1.01222485248914,1.01120457956648,0.0132954851989415
"150","Los Angeles - Little Tokyo, CA",150,34.0523,-118.2395,64092,65432,65656,66103,66422,67092,3133,1.02090744554703,1.00342340139381,1.00680821250152,1.00482580215724,1.01008701936106,0.00921037619213139
"151","Los Angeles - Longwood, CA",151,34.0368,-118.3447,33875,34480,34642,34689,35130,35525,4304,1.01785977859779,1.00469837587007,1.00135673459962,1.01271296376373,1.011243951039,0.00957436077404039
"152","Los Angeles - Los Feliz, CA",152,34.1063,-118.2848,46349,47408,47663,48005,48584,49102,21608,1.02284838939351,1.00537883901451,1.00717537712691,1.01206124362046,1.01066194631978,0.0116251590950343
"153","Los Angeles - Manchester Square, CA",153,33.8993,-118.2977,28210,28925,29135,29475,29803,30155,8536,1.02534562211982,1.00726015557476,1.01166981293976,1.01112807463953,1.01181089152099,0.0134429113589707
"154","Los Angeles - Mandeville Canyon, CA",154,34.0965,-118.5025,38348,39789,40269,40781,41389,42029,3124,1.03757692708877,1.0120636356782,1.01271449502098,1.01490890365611,1.01546304573679,0.0185454014361712
"155","Los Angeles - Mar Vista, CA",155,34.0153,-118.4338,31831,33001,33242,33762,34242,34692,42471,1.03675662090415,1.00730280900579,1.01564286144035,1.01421716722943,1.01314175573857,0.0174122428636561
"156","Los Angeles - Marina Peninsula, CA",156,33.9797,-118.4657,38050,38876,39106,39702,40298,40665,4360,1.02170827858081,1.00591624652742,1.01524062803662,1.01501183819455,1.00910715171969,0.0133968286118182
"157","Los Angeles - Melrose, CA",157,34.0862,-118.3078,36259,37163,37370,37724,38111,38530,77696,1.02493174108497,1.00557005623873,1.00947283917581,1.01025872123847,1.01099420114927,0.0122455117774514
"158","Los Angeles - Mid-city, CA",158,34.0416,-118.3287,36021,36886,37106,37418,37758,38117,15030,1.02401376974543,1.00596432250718,1.0084083436641,1.00908653589182,1.00950791885163,0.0113961781320318
"159","Los Angeles - Miracle Mile, CA",159,34.0595,-118.3491,37971,38960,39188,39516,39894,40322,17985,1.0260461931474,1.00585215605749,1.00836990915586,1.0095657455208,1.0107284303404,0.0121124868443929
"160","Los Angeles - Mission Hills, CA",160,34.2723,-118.4689,34219,35148,35388,35769,36312,36768,24124,1.02714866010111,1.0068282690338,1.01076636147847,1.01518074310157,1.01255783212161,0.0144963731673124
"161","Los Angeles - Mt. Washington, CA",161,34.0992,-118.2204,35337,36198,36393,36749,37378,37722,24145,1.02436539604381,1.0053870379579,1.00978210095348,1.01711611200305,1.00920327465354,0.0131707843223545
"162","Los Angeles - North Hills, CA",162,34.2358,-118.4849,27216,27942,28146,28487,28877,29301,61575,1.02667548500882,1.007300837449,1.01211539828039,1.0136904552954,1.01468296568203,0.0148930283431288
"163","Los Angeles - North Hollywood, CA",163,34.187,-118.3813,29981,30809,31031,31312,31714,32109,151421,1.02761749107768,1.00720568665,1.00905546066836,1.01283852835973,1.01245506716277,0.0138344467837106
"164","Los Angeles - Northridge, CA",164,34.2381,-118.5301,29557,30334,30523,30928,31331,31666,69797,1.0262881889231,1.0062306322938,1.01326868263277,1.01303026383859,1.01069228559574,0.0139020106567982
"165","Los Angeles - Pacific Palisades, CA",165,34.0356,-118.5156,34334,35574,35762,36429,36964,37631,21291,1.03611580357663,1.00528475853151,1.01865108215424,1.01468610173214,1.01804458391949,0.0185564659828017
"166","Los Angeles - Pacoima, CA",166,34.2768,-118.4105,33268,34063,34281,34745,35175,35643,76979,1.02389683780209,1.00639990605642,1.01353519442257,1.01237588142179,1.01330490405117,0.0139025447508088
"167","Los Angeles - Palisades Highlands, CA",167,34.0761,-118.5653,28471,29615,29849,30213,30681,31201,3846,1.04018123704822,1.0079014013169,1.01219471339073,1.01549002085195,1.01694860011082,0.0185431945437253
"168","Los Angeles - Palms, CA",168,34.0244,-118.4075,31875,34123,34371,35283,35798,36201,43877,1.07052549019608,1.00726782522053,1.02653399668325,1.01459626448998,1.0112576121571,0.0260362377493879
"169","Los Angeles - Panorama City, CA",169,34.2276,-118.4424,28874,29565,29838,30136,30522,30967,75250,1.02393156472951,1.00923389142567,1.00998726456197,1.01280860100876,1.0145796474674,0.0141081938386631
"170","Los Angeles - Park La Brea, CA",170,33.841369,-118.03234,26384,27364,27592,27975,28468,28785,13580,1.03714372346877,1.00833211518784,1.01388083502464,1.01762287756926,1.01113530982155,0.0176229722144128
"171","Los Angeles - Pico-Union, CA",171,34.0443,-118.2892,28151,28808,28985,29119,29406,29652,41842,1.02333842492274,1.00614412663149,1.00462308090392,1.00985610769601,1.00836563966537,0.0104654759639051
"172","Los Angeles - Playa Del Rey, CA",172,33.9564,-118.4422,30569,31665,31852,32259,32728,33166,3196,1.03585331545029,1.00590557397758,1.0127778475449,1.01453857838123,1.01338303593253,0.0164916702573055
"173","Los Angeles - Playa Vista, CA",173,33.9754,-118.4192,37344,38449,38869,39344,39783,40111,10947,1.02958976006855,1.01092356108091,1.01222053564537,1.01115799105327,1.00824472764749,0.0144273150991197
"174","Los Angeles - Porter Ranch, CA",174,34.2822,-118.5506,26079,26841,27034,27481,27830,28111,35588,1.02921891176809,1.00719049215752,1.01653473403862,1.01269968341763,1.0100970176069,0.0151481677977521
"175","Los Angeles - Rancho Park, CA",175,34.0454,-118.4207,40640,42393,42637,43415,44131,44543,6560,1.04313484251969,1.00575566720921,1.01824706241058,1.01649199585397,1.00933584101878,0.0185930818024458
"176","Los Angeles - Regent Square, CA",176,34.0411,-118.495,26691,27410,27626,27806,27986,28381,2780,1.02693791914878,1.00788033564393,1.0065156012452,1.00647342300223,1.01411419995712,0.0123842957994516
"177","Los Angeles - Reseda, CA",177,34.2011,-118.5361,34209,34994,35202,35582,35983,36385,76617,1.02294717764331,1.00594387609304,1.0107948412022,1.01126974312855,1.01117194230609,0.0124255160746394
"178","Los Angeles - Reseda Ranch, CA",178,34.2011,-118.5361,31881,32873,33175,33326,33671,34167,4636,1.03111571155234,1.00918687068415,1.00455162019593,1.01035227750105,1.01473077722669,0.0139874514320315
"179","Los Angeles - Reynier Village, CA",179,34.0368,-118.3856,31173,32214,32427,32876,33278,33940,4228,1.03339428351458,1.00661203203576,1.01384648595306,1.01222776493491,1.01989302241721,0.0171947177711047
"180","Los Angeles - San Pedro, CA",180,33.7361,-118.2922,21014,21540,21695,21768,21960,22115,78038,1.02503093175978,1.00719591457753,1.00336483060613,1.00882028665932,1.00705828779599,0.0102940502797497
"181","Los Angeles - Shadow Hills, CA",181,34.2575,-118.355,29604,30639,31045,31540,31990,32463,4442,1.03496149169031,1.01325108521819,1.01594459655339,1.0142675967026,1.01478587058456,0.018642128149809
"182","Los Angeles - Sherman Oaks, CA",182,34.149,-118.4514,35883,37139,37426,37817,38266,38723,87254,1.03500264749324,1.0077277255715,1.01044728263774,1.01187296718407,1.01194271677207,0.0153986679317244
"183","Los Angeles - Silverlake, CA",183,34.0869,-118.2702,49318,50473,50686,51090,51589,52140,44083,1.02341944117766,1.00422007806154,1.00797064278104,1.00976707770601,1.01068057143965,0.0112115622331805
"184","Los Angeles - South Carthay, CA",184,34.0561,-118.3734,35328,36498,36678,37008,37480,38027,10595,1.03311820652174,1.00493177708368,1.00899721904139,1.01275399913532,1.01459445037353,0.0148791304311313
"185","Los Angeles - South Park, CA",185,34.043,-118.2641,29649,30184,30357,30344,30589,30855,37961,1.01804445343856,1.00573151338457,0.999571762690648,1.00807408383865,1.00869593644774,0.00802354996003607
"186","Los Angeles - St Elmo Village, CA",186,34.0431,-118.343,35166,35580,35624,35711,35929,36453,4584,1.01177273502815,1.00123664980326,1.00244217381541,1.00610456161967,1.01458431907373,0.00722808786804308
"187","Los Angeles - Studio City, CA",187,34.1396,-118.3871,41591,42816,43128,43543,44095,44590,22440,1.02945348753336,1.0072869955157,1.00962251901317,1.01267712376272,1.01122576255811,0.0140531776766113
"188","Los Angeles - Sun Valley, CA",188,34.2279,-118.3813,29169,29951,30223,30631,31084,31618,52483,1.02680928382872,1.00908149978298,1.01349965258247,1.01478893930985,1.01717925620898,0.0162717263426007
"189","Los Angeles - Sunland, CA",189,34.2596,-118.3083,29572,30243,30454,30733,31012,31404,20408,1.02269038279454,1.00697682108256,1.00916135811388,1.00907818956822,1.01264026828325,0.0121094039684877
"190","Los Angeles - Sycamore Square, CA",190,34.0572,-118.3459,42813,43895,44204,44668,45131,46677,647,1.02527269754514,1.00703952614193,1.01049678762103,1.01036536222799,1.03425583301943,0.0174860413111046
"191","Los Angeles - Sylmar, CA",191,34.3058,-118.4572,33875,34655,34907,35319,35799,36423,82398,1.0230258302583,1.00727167796855,1.01180279027129,1.01359041875478,1.01743065448756,0.0146242743480951
"192","Los Angeles - Tarzana, CA",192,34.1495,-118.5506,35309,36420,36805,37230,37715,38276,30876,1.03146506556402,1.0105711147721,1.01154734411085,1.01302712865968,1.01487471828185,0.0162970742777024
"193","Los Angeles - Temple-Beaudry, CA",193,34.0629,-118.2513,32769,33532,33691,33983,34312,34697,39482,1.02328420153194,1.00474173923416,1.0086670030572,1.00968131124386,1.01122056423409,0.0115189638602482
"194","Los Angeles - Thai Town, CA",194,34.1018,-118.3036,32236,33153,33388,33714,33938,34336,9809,1.02844645737685,1.00708834796248,1.00976398706122,1.00664412410275,1.01172726736991,0.0127340367746398
"195","Los Angeles - Toluca Lake, CA",195,34.1502,-118.355,39235,40292,40591,41062,41556,42142,8704,1.02694023193577,1.00742082795592,1.01160355743884,1.01203058789148,1.01410145346039,0.0144193317364814
"196","Los Angeles - Toluca Terrace, CA",196,34.1668,-118.3589,31547,32848,33231,33461,33844,34227,1306,1.04124005452182,1.01165976619581,1.00692124823207,1.01144616120259,1.01131662924004,0.0165167718784689
"197","Los Angeles - Toluca Woods, CA",197,34.160984,-118.359174,36329,37137,37298,37783,38428,38751,1858,1.02224118472845,1.00433529902792,1.01300337819722,1.01707116957362,1.00840532944728,0.0130112721948992
"198","Los Angeles - Tujunga, CA",198,34.2596,-118.3083,25387,26027,26156,26386,26688,27145,27810,1.0252097530232,1.00495639143966,1.00879339348524,1.01144546350337,1.01712380095923,0.0135057604821416
"199","Los Angeles - University Hills, CA",199,34.0667,-118.1682,28376,28871,28930,29455,29746,29805,3429,1.01744431914294,1.00204357313567,1.01814725198756,1.00987947716856,1.001983459961,0.00989961627914626
"200","Los Angeles - University Park, CA",200,34.031,-118.279,30911,31501,31622,31818,32113,32350,27456,1.01908705638769,1.00384114790007,1.0061982164316,1.00927148155132,1.00738018870862,0.00915561819586097
"201","Los Angeles - Valley Glen, CA",201,34.1867,-118.4138,27435,28275,28491,28688,29114,29618,30016,1.03061782394751,1.00763925729443,1.00691446421677,1.01484941438929,1.01731125918802,0.0154664438072047
"202","Los Angeles - Valley Village, CA",202,34.1633,-118.3842,37480,38564,38790,39264,39786,40307,24720,1.02892209178228,1.00586038792656,1.01221964423821,1.01329462102689,1.01309505856331,0.0146783607074523
"203","Los Angeles - Van Nuys, CA",203,34.1899,-118.4514,27826,28636,28903,29141,29494,29861,93194,1.02910946596708,1.00932392792289,1.00823443933156,1.01211351703785,1.01244320878823,0.0142449118095223
"204","Los Angeles - Venice, CA",204,33.985,-118.4695,35095,36134,36370,36828,37208,37613,33885,1.02960535688845,1.00653124481098,1.01259279626065,1.01031823612469,1.01088475596646,0.0139864780102457
"205","Los Angeles - Vermont Knolls, CA",205,33.9273,-118.2893,29808,30349,30512,30797,31145,31378,17200,1.01814949006978,1.00537085241688,1.00934058730991,1.01129980192876,1.00748113661904,0.0103283736688746
"206","Los Angeles - Vermont Square, CA",206,34.0037,-118.3002,32572,33473,33642,33825,34387,34792,7657,1.0276617954071,1.00504884533803,1.00543962903513,1.01661492978566,1.01177770669148,0.0133085812514819
"207","Los Angeles - Vermont Vista, CA",207,33.9455,-118.2827,29029,29719,29826,30027,30336,30598,41186,1.02376933411416,1.00360039032269,1.00673908670288,1.0102907383355,1.00863660337553,0.0106072305701506
"208","Los Angeles - Vernon Central, CA",208,34.0039,-118.2301,33274,33880,34034,34188,34534,34872,51998,1.01821241810423,1.00454545454545,1.00452488687783,1.01012051012051,1.00978745584062,0.00943814509772789
"209","Los Angeles - Victoria Park, CA",209,34.047,-118.3319,24896,25372,25563,25789,26134,26336,8399,1.01911953727506,1.00752798360397,1.00884090286743,1.01337779673504,1.0077293946583,0.0113191230279608
"210","Los Angeles - View Heights, CA",210,33.9844,-118.3477,28452,29399,29670,29886,30347,30563,3694,1.03328412765359,1.00921800061227,1.00728008088979,1.01542528274108,1.00711767225755,0.0144650328308564
"211","Los Angeles - Watts, CA",211,33.9386,-118.238,29850,30288,30466,30677,31017,31288,42674,1.01467336683417,1.00587691494982,1.00692575329876,1.01108322195782,1.00873714414676,0.00945928023746445
"212","Los Angeles - Wellington Square, CA",212,34.0401,-118.3339,32513,33245,33306,33795,34059,34222,4915,1.02251407129456,1.00183486238532,1.0146820392722,1.00781180648025,1.00478581285416,0.0103257184572993
"213","Los Angeles - West Adams, CA",213,34.0325,-118.3627,32834,33634,33865,34122,34495,34806,27630,1.02436498751294,1.00686805018731,1.00758895614942,1.01093136392943,1.00901579939122,0.0117538314340635
"214","Los Angeles - West Hills, CA",214,34.1973,-118.644,29737,30581,30808,31141,31521,31905,40545,1.02838215018327,1.00742290964978,1.01080888081018,1.01220256253813,1.01218235462073,0.0141997715604194
"215","Los Angeles - West Los Angeles, CA",215,34.0412,-118.4426,37647,39396,39688,40188,40740,41301,37636,1.04645788509045,1.00741191999188,1.01259826647853,1.01373544341595,1.01377025036819,0.0187947530689978
"216","Los Angeles - West Vernon, CA",216,34.0053,-118.2802,32339,33081,33256,33504,33829,34132,53644,1.02294443241906,1.00529004564554,1.00745730093818,1.00970033428844,1.00895681220255,0.0108697850987531
"217","Los Angeles - Westchester, CA",217,33.9626,-118.3988,29888,30756,30987,31452,31797,32097,51603,1.02904175588865,1.00751072961373,1.01500629296156,1.01096909576498,1.00943485234456,0.0143925453146971
"218","Los Angeles - Westlake, CA",218,34.058,-118.2731,28436,29108,29270,29511,29816,30078,59355,1.02363201575468,1.00556548028034,1.0082336863683,1.01033512927383,1.00878722833378,0.0113107080021837
"219","Los Angeles - Westwood, CA",219,34.0635,-118.4455,31191,36835,37177,38567,39805,40337,54109,1.18094963290693,1.0092846477535,1.0373887080722,1.03209998184977,1.01336515513127,0.0546176251427304
"220","Los Angeles - Wholesale District, CA",220,34.0419,-118.2326,77320,78621,78926,80963,81610,82114,36129,1.01682617692706,1.00387937065161,1.02580898563211,1.00799130467003,1.00617571376057,0.0121363103282754
"221","Los Angeles - Wilmington, CA",221,33.784982,-118.287005,21162,21842,21975,22056,22414,22743,56487,1.03213306870806,1.00608918597198,1.00368600682594,1.01623141095394,1.01467832604622,0.0145635997012274
"222","Los Angeles - Wilshire Center, CA",222,34.0654,-118.3004,27303,28025,28232,28581,28922,29245,50170,1.02644398051496,1.00738626226583,1.01236185888354,1.01193100311396,1.01116796902012,0.0138582147596824
"223","Los Angeles - Winnetka, CA",223,34.2049,-118.574,29282,30078,30327,30636,31001,31437,51786,1.02718393552353,1.0082784759625,1.01018894054803,1.01191408800104,1.0140640624496,0.0143259004969394
"224","Los Angeles - Woodland Hills, CA",224,34.1654,-118.609,34284,35174,35395,35789,36221,36606,68055,1.0259596313149,1.0062830499801,1.01113151575081,1.01207074799519,1.01062919300958,0.0132148276101169
"225","Unincorporated - Acton, CA",225,34.48319,-118.18583,19408,19910,20085,20173,20499,20713,7971,1.02586562242374,1.00878955298845,1.00438137913866,1.01616021414762,1.01043953363579,0.0131272604668524
"226","Unincorporated - Agua Dulce, CA",226,34.4964,-118.3256,19769,20563,20707,20803,21140,21212,4158,1.04016389296373,1.00700286923114,1.00463611339161,1.01619958659809,1.00340586565752,0.0142816655684179
"227","Unincorporated - Altadena, CA",227,34.195275,-118.137227,28998,29764,29977,30365,30626,30979,43620,1.02641561486999,1.00715629619675,1.01294325649665,1.00859542236127,1.01152615424802,0.0133273488345365
"228","Unincorporated - Anaverde, CA",228,34.5611,-118.14118,16711,16777,16976,17175,17308,17440,1508,1.00394949434504,1.01186147702211,1.01172243166824,1.00774381368268,1.00762653108389,0.00858074956039268
"229","Unincorporated - Angeles National Forest, CA",229,34.3168,-118.0058,9960,10201,10281,10281,10361,10442,1245,1.02419678714859,1.00784236839526,1,1.00778134422722,1.00781777820674,0.00952765559556035
"230","Unincorporated - Arcadia, CA",230,34.136258,-118.026704,22265,22817,23092,23431,23769,23844,7981,1.02479227487087,1.01205241705746,1.01468040879958,1.01442533395928,1.00315537044049,0.0138211610255379
"231","Unincorporated - Athens Village, CA",231,33.92,-118.2812,39391,40045,40372,40719,41148,41536,4897,1.01660277728415,1.00816581345986,1.00859506588725,1.01053562219111,1.00942937688345,0.0106657311411635
"232","Unincorporated - Athens-Westmont, CA",232,33.952724,-118.291904,27838,28401,28594,28952,29315,29558,42442,1.02022415403405,1.00679553536847,1.0125201091138,1.01253799392097,1.00828927170391,0.0120734128282411
"233","Unincorporated - Avocado Heights, CA",233,34.0361,-117.9912,25328,25756,25948,26007,26258,26568,6775,1.01689829437776,1.00745457369157,1.00227377832588,1.00965124774099,1.01180592581309,0.00961676398985833
"234","Unincorporated - Azusa, CA",234,34.13529,-117.91506,23369,23815,24047,24154,24374,24606,15923,1.01908511275622,1.00974175939534,1.00444961949516,1.00910822224062,1.00951833921392,0.0103806106202498
"235","Unincorporated - Bassett, CA",235,34.049732,-117.996732,27509,27894,28042,28083,28339,28690,14817,1.01399541968083,1.00530580053058,1.00146209257542,1.00911583520279,1.01238575814249,0.00845298122642313
"236","Unincorporated - Bouquet Canyon, CA",236,34.440891,-118.501748,15750,16496,16682,16869,16962,17148,1073,1.04736507936508,1.01127546071775,1.01120968708788,1.00551307131425,1.01096568800849,0.0172657972986885
"237","Unincorporated - Bradbury, CA",237,34.147,-117.9709,94444,96296,97222,97222,97222,100926,108,1.01960950404472,1.00961618343441,1,1,1.03809837279628,0.0134648120550833
"238","Unincorporated - Canyon Country, CA",238,34.441427,-118.448088,27497,28339,28597,28895,29309,29464,7728,1.03062152234789,1.00910406154063,1.01042067349722,1.01432773836304,1.00528847794193,0.0139524947381426
"239","Unincorporated - Castaic, CA",239,34.489,-118.6257,17289,17749,17962,18094,18285,18399,27191,1.02660651281161,1.01200067609443,1.00734884756709,1.01055598540953,1.00623461853979,0.0125493280844886
"240","Unincorporated - Cerritos, CA",240,33.866914,-118.068648,27939,28620,28790,28450,28961,29302,587,1.02437453022656,1.00593990216632,0.988190343869399,1.01796133567663,1.01177445530196,0.00964811344817296
"241","Unincorporated - Claremont, CA",241,34.09668,-117.71978,23932,24359,24501,24786,24786,24786,702,1.01784221962226,1.00582946754793,1.01163217827844,1,1,0.00706077308972586
"242","Unincorporated - Covina, CA",242,34.097345,-117.906736,23913,24550,24710,24722,24924,25257,16819,1.02663823025133,1.00651731160896,1.00048563334682,1.00817085996279,1.01336061627347,0.0110345302886738
"243","Unincorporated - Covina (Charter Oak), CA",243,34.097345,-117.906736,22284,22824,23030,23189,23387,23783,13144,1.02423263327948,1.0090255871013,1.00690403821103,1.00853853120014,1.01693248385855,0.0131266547301001
"244","Unincorporated - Del Aire, CA",244,33.9161,-118.3695,25450,26269,26542,26565,26906,27157,4393,1.03218074656189,1.01039247782557,1.00086655112652,1.0128364389234,1.0093287742511,0.0131209977376936
"245","Unincorporated - Del Rey, CA",245,33.986,-118.4249,63522,64465,64465,65723,66352,66667,318,1.01484525046441,1,1.01951446521368,1.00957047000289,1.00474740776465,0.0097355186891257
"246","Unincorporated - Del Sur, CA",246,34.689707,-118.288688,14990,15652,15776,15901,16108,16356,2415,1.04416277518346,1.00792231024789,1.00792342799189,1.0130180491793,1.01539607648373,0.017684527817253
"247","Unincorporated - Desert View Highlands, CA",247,34.408383,-118.123597,20979,21781,22262,22463,23105,23466,2493,1.03822870489537,1.02208346724209,1.0090288383793,1.02858033210168,1.01562432373945,0.0227091332715785
"248","Unincorporated - Duarte, CA",248,34.1395,-117.9773,31120,31504,31572,31707,32023,32159,4428,1.01233933161954,1.00215845606907,1.00427594070696,1.00996625350869,1.00424694750648,0.00659738588214642
"249","Unincorporated - East Covina, CA",249,34.097345,-117.906736,24012,24316,24316,24316,24924,25228,329,1.01266033649842,1,1,1.02500411251851,1.01219707912053,0.00997230562749007
"250","Unincorporated - East La Mirada, CA",250,33.9244,-117.9889,21296,21769,22052,22147,22260,22449,5292,1.02221074380165,1.01300013781065,1.00430799927444,1.00510227118797,1.00849056603774,0.0106223436224901
"251","Unincorporated - East Lancaster, CA",251,34.713292,-118.15292,21930,21930,21930,21930,21930,21930,114,1,1,1,1,1,0
"252","Unincorporated - East Los Angeles, CA",252,34.023902,-118.172016,33084,33644,33897,34204,34606,35006,125269,1.01692661105066,1.00751991439781,1.00905684868867,1.0117530113437,1.01155868924464,0.0113630149450976
"253","Unincorporated - East Pasadena, CA",253,34.1382,-118.0742,19850,20756,21006,21037,21443,21740,6403,1.04564231738035,1.01204470996338,1.00147576882795,1.01929932975234,1.01385067387959,0.018462559960724
"254","Unincorporated - East Rancho Dominguez, CA",254,33.874815,-118.240208,26058,26483,26698,26810,27084,27391,15308,1.01630977051193,1.00811841558736,1.00419507079182,1.01022006713913,1.0113351055974,0.0100356859255282
"255","Unincorporated - East Whittier, CA",255,33.963346,-118.018121,19129,19506,19714,19732,19921,20034,5306,1.01970829630404,1.01066338562494,1.00091305671097,1.00957834988851,1.00567240600371,0.00930709890643278
"256","Unincorporated - El Camino Village, CA",256,33.8895,-118.3309,20896,21329,21454,21568,21693,21852,8791,1.02072166921899,1.00586056542735,1.00531369441596,1.0057956231454,1.00732955331213,0.00900422110396604
"257","Unincorporated - El Monte, CA",257,34.078573,-118.043456,26897,26897,26897,26897,26897,27586,145,1,1,1,1,1.02561623972934,0.0051232479458676
"258","Unincorporated - Elizabeth Lake, CA",258,34.6661,-118.3973,10957,11258,11379,11439,11620,11680,1661,1.02747102309026,1.01074791259549,1.0052728710783,1.01582306145642,1.00516351118761,0.0128956758816161
"259","Unincorporated - Florence-Firestone, CA",259,33.974459,-118.248129,30534,31076,31251,31406,31756,32002,64705,1.0177507041331,1.00563135538679,1.00495984128508,1.01114436731835,1.00774656757778,0.00944656714021952
"260","Unincorporated - Franklin Canyon, CA",260,34.1031,-118.4131,16667,16667,16667,16667,16667,16667,NA,1,1,1,1,1,0
"261","Unincorporated - Glendora, CA",261,34.119363,-117.855059,18788,19394,19394,19697,19848,20606,660,1.03225463061529,1,1.01562338867691,1.00766614205209,1.0381902458686,0.0187468814425775
"262","Unincorporated - Hacienda Heights, CA",262,33.976114,-117.981631,19393,19776,19976,20161,20373,20617,55926,1.01974939411128,1.01011326860841,1.009261113336,1.01051535142106,1.01197663574339,0.0123231526440282
"263","Unincorporated - Harbor Gateway, CA",263,33.8405,-118.3024,7e+05,8e+05,8e+05,8e+05,8e+05,8e+05,NA,1.14285714285714,1,1,1,1,0.0285714285714285
"264","Unincorporated - Hawthorne, CA",264,33.914775,-118.348083,23071,23429,23628,23628,23827,23946,2514,1.01551731611114,1.0084937470656,1,1.00842221093618,1.00499433415873,0.00748552165432859
"265","Unincorporated - Hi Vista, CA",265,34.735,-117.7773,8652,8743,8743,8925,8925,9290,1098,1.01051779935275,1,1.02081665332266,1,1.04089635854342,0.0144461622437653
"266","Unincorporated - Kagel/Lopez Canyons, CA",266,34.2866,-118.4014,39306,41643,41785,42351,42564,43059,1412,1.0594565715158,1.00340993684413,1.01354553069283,1.0050293971807,1.01162954609529,0.0186141964657509
"267","Unincorporated - La Crescenta-Montrose, CA",267,34.211341,-118.230652,25701,26302,26468,26731,27029,27292,19801,1.02338430411268,1.00631130712493,1.0099365271271,1.01114810519621,1.00973028968885,0.0121021066499556
"268","Unincorporated - La Habra Heights, CA",268,33.960846,-117.950619,3107,3254,3254,2219,2219,2219,676,1.04731252011587,1,0.681929932390903,1,1,-0.0541515094986458
"269","Unincorporated - La Rambla, CA",269,33.7409,-118.3038,40096,40578,40771,40771,40964,41157,2075,1.01202114924182,1.00475627187146,1,1.00473375683697,1.00471145395957,0.00524452638196382
"270","Unincorporated - La Verne, CA",270,34.10084,-117.76784,23824,24363,24608,24559,24951,25196,2040,1.02262424445937,1.01005623281205,0.99800877763329,1.01596156195285,1.00981924572161,0.0112940125158345
"271","Unincorporated - Ladera Heights, CA",271,33.9878,-118.3704,33107,33644,33899,34267,34719,35144,7071,1.01622013471471,1.00757936036143,1.01085577745656,1.01319053316602,1.01224113597742,0.012017388335229
"272","Unincorporated - Lake Hughes, CA",272,34.67693,-118.44536,22455,22754,23204,23503,23802,24102,668,1.01331551992875,1.01977674255076,1.01288570936046,1.01272178019827,1.01260398285858,0.0142607469793636
"273","Unincorporated - Lake Los Angeles, CA",273,34.408383,-118.123597,16115,16631,16908,17023,17246,17485,12994,1.03201985727583,1.01665564307618,1.00680151407618,1.01309992363273,1.01385828597936,0.0164870448080559
"274","Unincorporated - Lake Manor, CA",274,34.2408,-118.637,28728,29519,29763,29945,30250,30858,1643,1.02753411306043,1.00826586266472,1.00611497496892,1.01018533978961,1.02009917355372,0.0144398928074816
"275","Unincorporated - Lennox, CA",275,33.93807,-118.352575,23050,23525,23698,23889,24133,24417,22542,1.02060737527115,1.00735387885228,1.0080597518778,1.01021390598183,1.01176811834418,0.0116006060654479
"276","Unincorporated - Leona Valley, CA",276,34.618321,-118.288133,14163,14620,14677,14620,14849,14849,1751,1.03226717503354,1.00389876880985,0.996116372555699,1.0156634746922,1,0.0095891582182579
"277","Unincorporated - Littlerock, CA",277,34.52279,-117.98732,19547,20045,20269,20194,20418,20592,4021,1.0254770553026,1.01117485657271,0.996299768118802,1.01109240368426,1.00852189244784,0.010513195225244
"278","Unincorporated - Littlerock/Juniper Hills, CA",278,34.4441,-117.935,19969,20200,20355,20971,21280,21280,1297,1.01156793029195,1.00767326732673,1.03026283468435,1.01473463354156,1,0.012847733168919
"279","Unincorporated - Littlerock/Pearblossom, CA",279,34.50638,-117.90979,17596,17988,18380,18661,19053,19333,3569,1.02227779040691,1.02179230598177,1.01528835690968,1.02100637693586,1.01469584842282,0.0190121357314073
"280","Unincorporated - Llano, CA",280,34.50583,-117.81784,10376,10718,10718,10946,11060,11288,877,1.03296067848882,1,1.02127262548983,1.01041476338388,1.02061482820976,0.01705257911446
"281","Unincorporated - Marina del Rey, CA",281,33.979007,-118.457852,30007,31091,31368,31676,32090,32409,9411,1.03612490418902,1.00890933067447,1.00981892374394,1.0130698320495,1.00994079152384,0.0155727564361554
"282","Unincorporated - Monrovia, CA",282,34.1528,-118.000482,23989,24246,24349,24710,24890,25019,3881,1.01071324356997,1.0042481234018,1.01482607088587,1.00728450020235,1.00518280433909,0.00845094847981498
"283","Unincorporated - Newhall, CA",283,34.36811,-118.489037,34091,35000,35000,35455,36818,36818,220,1.02666392889619,1,1.013,1.03844309688337,1,0.0156214051559125
"284","Unincorporated - North Lancaster, CA",284,34.713292,-118.15292,19282,19866,20033,20117,20367,20534,1198,1.03028731459392,1.00840632235981,1.00419308141566,1.01242730029328,1.00819953846909,0.0127027114263545
"285","Unincorporated - North Whittier, CA",285,34.004311,-118.0441,24940,25419,25658,25885,26136,26471,8360,1.01920609462711,1.00940241551595,1.00884714319121,1.00969673556114,1.01281756963575,0.0119939917062304
"286","Unincorporated - Northeast San Gabriel, CA",286,34.114772,-118.089431,20885,21339,21605,21826,22029,22196,24036,1.02173808953795,1.0124654388678,1.0102291136311,1.00930083386786,1.00758091606519,0.0122628783939802
"287","Unincorporated - Palmdale, CA",287,34.408383,-118.123597,14727,15202,15439,15914,16152,16271,842,1.03225368371019,1.01559005394027,1.03076624133687,1.01495538519543,1.00736750866766,0.020186574570084
"288","Unincorporated - Palos Verdes Peninsula, CA",288,33.77085,-118.37868,19485,19807,19968,20129,20451,20934,621,1.01652553246087,1.0081284394406,1.00806290064103,1.01599682050773,1.02361742702068,0.0144662240141806
"289","Unincorporated - Pearblossom/Llano, CA",289,34.50583,-117.81784,13139,13446,13599,13650,13804,13906,1956,1.02336555293401,1.01137884872825,1.00375027575557,1.01128205128205,1.00738916256158,0.0114331782522914
"290","Unincorporated - Pellissier Village, CA",290,34.0266,-118.0448,36672,37480,37964,38288,38449,38449,619,1.02203315881326,1.01291355389541,1.00853440101148,1.00420497283744,1,0.00953721731152024
"291","Unincorporated - Placerita Canyon, CA",291,34.378,-118.4675,5870,5870,6304,6304,6304,6522,NA,1,1.07393526405451,1,1,1.03458121827411,0.0217032964657253
"292","Unincorporated - Pomona, CA",292,34.042286,-117.756106,6605,6656,6708,6811,6863,6863,1938,1.00772142316427,1.0078125,1.01535480023852,1.00763470855968,1,0.00770468639249478
"293","Unincorporated - Quartz Hill, CA",293,34.60411,-118.239005,17689,18224,18488,18650,19045,19224,12906,1.03024478489457,1.01448639157155,1.00876244050195,1.02117962466488,1.00939879233395,0.0168144067933789
"294","Unincorporated - Rancho Dominguez, CA",294,33.874815,-118.240208,32356,32582,32732,33033,33672,34423,2661,1.00698479416492,1.00460376895218,1.00919589392643,1.01934429207156,1.02230339748159,0.0124864293193365
"295","Unincorporated - Roosevelt, CA",295,0,0,14930,15145,15252,15575,15789,16112,931,1.01440053583389,1.00706503796633,1.02117755048518,1.01373996789727,1.02045728038508,0.0153680745135498
"296","Unincorporated - Rosewood, CA",296,33.9121,-118.2373,30171,30560,30715,31026,31260,31260,1286,1.01289317556594,1.0050719895288,1.01012534592219,1.00754206149681,1,0.00712651450274682
"297","Unincorporated - Rosewood/East Gardena, CA",297,33.888315,-118.295256,26655,27158,27242,27158,27158,27410,1193,1.01887075595573,1.0030930112674,0.996916525952573,1,1.00927903380219,0.00563186539557936
"298","Unincorporated - Rosewood/West Rancho Dominguez, CA",298,33.874815,-118.240208,27194,27819,27998,28295,28563,28741,NA,1.0229830109583,1.00643445127431,1.01060790056433,1.0094716380986,1.00623183839233,0.0111457678575728
"299","Unincorporated - Rowland Heights, CA",299,33.9781,-117.88749,16297,16707,16869,17006,17214,17392,51022,1.02515800454071,1.00969653438678,1.00812140612959,1.01223097730213,1.01034042058789,0.0131094685894213
"300","Unincorporated - San Jose Hills, CA",300,34.0592,-117.8426,23298,23856,24089,23911,24292,24539,20221,1.0239505536956,1.00976693494299,0.992610735190336,1.01593408891305,1.0101679565289,0.0104860538541749
"301","Unincorporated - San Pasqual, CA",301,34.1378,-118.0988,17445,18428,18673,18722,18968,19459,2035,1.05634852393236,1.01329498589104,1.00262410967707,1.01313962183527,1.02588570223534,0.0222585887142173
"302","Unincorporated - Sand Canyon, CA",302,34.4186072,-118.4231377,25000,25000,25000,25000,25000,25325,308,1,1,1,1,1.013,0.00259999999999994
"303","Unincorporated - Santa Catalina Island, CA",303,33.3879,-118.4163,261423,266667,269288,271536,276404,279401,267,1.02005944388979,1.00982873771408,1.00834793975224,1.0179276412704,1.01084282427172,0.0134013173796443
"304","Unincorporated - Santa Monica Mountains, CA",304,34.013666,-118.49375,25579,26540,26723,27082,27367,27641,18621,1.03756988154345,1.00689525244913,1.01343412042061,1.01052359500775,1.01001205831841,0.0156869815478731
"305","Unincorporated - Saugus, CA",305,34.411385,-118.540086,252903,259355,259355,259355,262581,262581,155,1.02551175747223,1,1,1.01243854947851,1,0.00759006139014917
"306","Unincorporated - Saugus/Canyon Country, CA",306,34.441427,-118.448088,26966,27528,28371,28090,29213,29213,356,1.02084105911147,1.03062336530078,0.990095520073314,1.03997864008544,1,0.0163077169142025
"307","Unincorporated - South Antelope Valley, CA",307,34.7514,-118.2523,16923,17582,17802,18681,18681,18681,455,1.03894108609585,1.01251279717893,1.04937647455342,1,1,0.02016607156564
"308","Unincorporated - South El Monte, CA",308,34.05195,-118.04673,30864,31309,31755,32033,32145,32368,1795,1.01441809227579,1.0142451052413,1.00875452684617,1.00349639434333,1.00693731529009,0.00957028679933725
"309","Unincorporated - South San Gabriel, CA",309,34.06251,-118.090347,25622,26153,26379,26537,26820,27012,8848,1.0207243774881,1.00864145604711,1.00598961294969,1.01066435542827,1.00715883668904,0.0106357277204412
"310","Unincorporated - South Whittier, CA",310,34.004311,-118.0441,23775,24298,24455,24591,24888,25099,59222,1.02199789695058,1.00646143715532,1.00556123492128,1.01207758936196,1.00847798135648,0.0109152279491245
"311","Unincorporated - Southeast Antelope Valley, CA",311,34.7514,-118.2523,19590,20359,20615,20743,21127,21127,781,1.03925472179684,1.01257429146815,1.00620907106476,1.01851226919925,1,0.0153100707057976
"312","Unincorporated - Stevenson Ranch, CA",312,34.39048,-118.57372,21807,22384,22603,22842,23114,23276,20966,1.02645939377264,1.00978377412437,1.01057381763483,1.01190788897645,1.0070087392922,0.0131467227600988
"313","Unincorporated - Sun Village, CA",313,34.5579,-117.9582,19781,20080,20345,20411,20792,20941,6036,1.01511551488802,1.01319721115538,1.00324404030474,1.01866640536965,1.00716621777607,0.0114778778987734
"314","Unincorporated - Sunrise Village, CA",314,34.0484,-118.0983,26775,27083,27315,27238,27392,27701,1296,1.01150326797386,1.00856625927704,0.997181036060772,1.00565386592261,1.01128066588785,0.00683701902442491
"315","Unincorporated - Twin Lakes/Oat Mountain, CA",315,34.278,-118.60147,27443,28227,28347,28528,28709,29131,1658,1.02856830521444,1.00425124880434,1.00638515539563,1.00634464385867,1.0146992232401,0.0120497153026355
"316","Unincorporated - Val Verde, CA",316,34.445,-118.6576,67543,68389,68510,68601,68903,69024,3309,1.01252535421879,1.00176929038296,1.00132827324478,1.00440226818851,1.0017560918973,0.00435625558646935
"317","Unincorporated - Valencia, CA",317,34.465755,-118.553789,21647,22461,22786,23112,23275,23503,3072,1.03760336305262,1.01446952495437,1.01430703063284,1.00705261336102,1.00979591836735,0.0166456900736396
"318","Unincorporated - Valinda, CA",318,34.045288,-117.943675,24428,24941,25211,25241,25506,25977,23371,1.02100049123956,1.01082554829397,1.0011899567649,1.01049879164851,1.01846624323689,0.0123962062367666
"319","Unincorporated - View Park/Windsor Hills, CA",319,33.988047,-118.370361,33004,33820,34052,34422,34826,35213,11635,1.02472427584535,1.00685984624483,1.0108657347586,1.01173668003021,1.01111238729685,0.0130597848351686
"320","Unincorporated - Walnut Park, CA",320,33.96807,-118.225072,28941,29672,29932,30050,30366,30639,16143,1.02525828409523,1.00876246966837,1.00394226914339,1.01051580698835,1.00899031811895,0.0114938296028591
"321","Unincorporated - West Antelope Valley, CA",321,34.7514,-118.2523,9001,9464,9464,9596,9795,9861,1511,1.05143872903011,1,1.01394759087067,1.02073780741976,1.00673813169985,0.0185724518040762
"322","Unincorporated - West Carson, CA",322,33.821684,-118.292572,25853,26456,26641,26854,27167,27352,22086,1.02332417901211,1.00699274266707,1.00799519537555,1.0116556192746,1.00680973239592,0.0113554937450486
"323","Unincorporated - West LA, CA",323,34.04984,-118.45238,90021,90756,91176,90546,90546,90651,952,1.00816476155564,1.00462779320376,0.99309028691761,1,1.00115963156848,0.00140849464909731
"324","Unincorporated - West Puente Valley, CA",324,34.031415,-117.93647,26487,26863,27097,27168,27341,27575,9835,1.01419564314569,1.00871086624725,1.0026202162601,1.00636778563015,1.00855857503383,0.00809061726340721
"325","Unincorporated - West Rancho Dominguez, CA",325,33.874815,-118.240208,24430,25092,25092,25166,25313,25386,1359,1.02709783053623,1,1.00294914713853,1.0058412143368,1.00288389365148,0.00775441713260872
"326","Unincorporated - West Whittier/Los Nietos, CA",326,33.977272,-118.066363,27038,27636,27855,28019,28357,28594,26925,1.02211702048968,1.00792444637429,1.00588763238198,1.01206324279953,1.00835772472405,0.0112700133539074
"327","Unincorporated - Westfield/Academy Hills, CA",327,33.7683,-118.3495,17923,18462,18538,18846,19231,19231,1300,1.03007309044245,1.00411656375257,1.01661452152336,1.02042873819378,1,0.0142465827824318
"328","Unincorporated - Westhills, CA",328,34.1973,-118.644,27771,28605,28844,29082,30036,30155,839,1.03003132764395,1.00835518266037,1.00825128276245,1.03280379616257,1.00396191237182,0.0166807003202323
"329","Unincorporated - White Fence Farms, CA",329,33.993396,-118.465193,17622,18192,18382,18382,18735,19142,3683,1.03234593122234,1.01044415127529,1,1.01920356870852,1.02172404590339,0.016743539421906
"330","Unincorporated - Whittier, CA",330,34.004311,-118.0441,20983,21512,21564,21697,22014,22252,3784,1.02521088500214,1.00241725548531,1.00616768688555,1.01461031479006,1.01081130189879,0.011843488812372
"331","Unincorporated - Whittier Narrows, CA",331,34.004311,-118.0441,75000,150000,150000,158333,158333,158333,12,2,1,1.05555333333333,1,1,0.211110666666667
"332","Unincorporated - Willowbrook, CA",332,33.91613,-118.23146,31564,32071,32355,32521,32853,33131,34913,1.0160626029654,1.00885535218733,1.00513058259929,1.01020878816765,1.00846193650504,0.00974385248494203
"333","Unincorporated - Wiseburn, CA",333,33.9177,-118.3838,27012,27410,27659,27742,27991,28173,6027,1.01473419221087,1.00908427581175,1.00300083155573,1.00897556052195,1.00650208995749,0.00845939001155749
