"","placelist...1.","X","positions","X.1","day1$testing_rate_final","day2$testing_rate_final","day3$testing_rate_final","day4$testing_rate_final","day5$testing_rate_final","day6$testing_rate_final","Population","diff1","diff2","diff3","diff4","diff5","change1","change2","change3","change4","average"
"1","City of Agoura Hills, CA",1,34.123286,-118.758541,26802,27506,27697,27870,28162,28382,20883,0.0337116314705741,0.00914619546999952,0.00828425034717234,0.0139826653258631,0.0105348848345544,0.271306818181818,0.905759162303665,1.6878612716763,0.753424657534247,-0.0954120225759924
"2","City of Alhambra, CA",2,34.090728,-118.127527,25555,26108,26300,26541,26768,26993,86724,0.00637655089709884,0.0022139200221392,0.00277893086112264,0.00261749919284166,0.00259443752594438,0.347197106690778,1.25520833333333,0.941908713692946,0.991189427312775,-0.116124104742542
"3","City of Arcadia, CA",3,34.136258,-118.026704,19581,20089,20284,20534,20695,20868,57754,0.0087959275548014,0.00337638951414621,0.00432870450531565,0.00278768570142328,0.00299546351767843,0.383858267716535,1.28205128205128,0.644,1.07453416149068,-0.153889072185375
"4","City of Artesia, CA",4,33.865395,-118.073148,30491,31110,31366,31450,31783,32010,16795,0.0368562072045252,0.0152426317356356,0.00500148853825543,0.0198273295623698,0.0135159273593331,0.413570274636511,0.328125,3.96428571428571,0.681681681681682,0.346915667650977
"5","City of Avalon, CA",5,33.34281,-118.32785,1732,1732,1732,1706,1706,1706,3869,0,0,-0.00672008270871026,0,0,NA,-Inf,0,NA,NA
"6","City of Azusa, CA",6,34.13529,-117.91506,23549,23949,24123,24261,24548,24798,50040,0.00799360511590727,0.00347721822541966,0.00275779376498801,0.00573541167066347,0.00499600319744205,0.435,0.793103448275862,2.07971014492754,0.871080139372822,0.0447234331440551
"7","City of Baldwin Park, CA",7,34.08529,-117.9609,25519,25960,26176,26211,26465,26646,76769,0.00574450624601076,0.0028136357123318,0.000455913194127838,0.00330862718024202,0.00235772251820396,0.489795918367347,0.162037037037037,7.25714285714286,0.71259842519685,1.15539355943602
"8","City of Bell, CA",8,33.976663,-118.168903,28083,28595,28798,28952,29343,29696,36332,0.0140922602664318,0.00558736100407354,0.00423868765826269,0.010761862820654,0.00971595287900473,0.396484375,0.758620689655172,2.53896103896104,0.902813299232737,0.149219850712237
"9","City of Bell Gardens, CA",9,33.9653,-118.1515,27585,28225,28460,28597,29015,29291,43071,0.0148591859952172,0.00545610735761882,0.00318079450210118,0.00970490585312623,0.00640802396043742,0.3671875,0.582978723404255,3.05109489051095,0.660287081339713,0.165387048813729
"10","City of Bellflower, CA",10,33.888014,-118.12965,27093,27639,27856,27948,28260,28538,77735,0.00702386312471859,0.00279153534443944,0.00118350807229691,0.00401363607126777,0.003576252653245,0.397435897435897,0.423963133640553,3.39130434782609,0.891025641025641,0.275932254982045
"11","City of Beverly Hills, CA",11,34.0736,-118.4004,51695,52677,52943,53265,53751,54282,34520,0.0284472769409038,0.00770567786790266,0.0093279258400927,0.0140787949015064,0.0153823870220162,0.270875763747454,1.21052631578947,1.50931677018634,1.09259259259259,0.020827860578964
"12","City of Bradbury, CA",12,34.147,-117.9709,5426,5426,5426,4490,4490,4677,1069,0,0,-0.875584658559401,0,0.174929840972872,NA,-Inf,0,Inf,NA
"13","City of Burbank, CA",13,34.200993,-118.292773,29409,30253,30492,30764,31107,31473,107180,0.00787460347079679,0.00222989363687255,0.00253778690054115,0.00320022392237358,0.00341481619705169,0.283175355450237,1.13807531380753,1.26102941176471,1.06705539358601,-0.06266613134788
"14","City of Calabasas, CA",14,34.12331,-118.671028,27340,28245,28442,28734,29022,29363,24323,0.0372075813016486,0.00809932985240308,0.0120050980553386,0.0118406446573202,0.0140196521810632,0.21767955801105,1.48223350253807,0.986301369863014,1.18402777777778,-0.032439447952522
"15","City of Carson, CA",15,33.813317,-118.261154,22995,23575,23751,23829,24126,24374,93846,0.0061803380005541,0.00187541291051297,0.000831148903522793,0.00316475928649063,0.00264262728299555,0.303448275862069,0.443181818181818,3.80769230769231,0.835016835016835,0.347334809188258
"16","City of Cerritos, CA",16,33.866914,-118.068648,21150,21711,21915,22072,22324,22548,50067,0.0112049853196716,0.00407454011624423,0.00313579803063894,0.00503325543771346,0.00447400483352308,0.363636363636364,0.769607843137255,1.60509554140127,0.888888888888889,-0.0931928407340547
"17","City of Claremont, CA",17,34.09668,-117.71978,21308,21864,22119,22352,22558,22725,36484,0.0152395570661112,0.00698936520118408,0.00638636114461134,0.00564631071154479,0.0045773489748931,0.45863309352518,0.913725490196078,0.88412017167382,0.810679611650486,-0.233210408238609
"18","City of Commerce, CA",18,34,-118.1598,31846,32581,32788,32994,33308,33690,13069,0.0562399571505088,0.0158390083403474,0.0157624913918433,0.0240263218302854,0.0292294743285638,0.281632653061225,0.995169082125604,1.52427184466019,1.21656050955414,0.00440852235029066
"19","City of Compton, CA",19,33.874815,-118.240208,27633,28089,28314,28463,28763,28992,99904,0.00456438180653427,0.00225216207559257,0.00149143177450352,0.00300288276745676,0.00229220051249199,0.493421052631579,0.662222222222222,2.01342281879195,0.763333333333333,-0.0169001432552298
"20","City of Covina, CA",20,34.097345,-117.906736,25441,26071,26297,26344,26554,26944,49032,0.012848751835536,0.00460923478544624,0.000958557676619351,0.00428291727851199,0.00795398923152227,0.358730158730159,0.207964601769911,4.46808510638298,1.85714285714286,0.722980681006476
"21","City of Cudahy, CA",21,33.96057,-118.185349,27457,27995,28242,28398,28747,29170,24347,0.0220971782971208,0.010144987062061,0.00640736024972276,0.014334414917649,0.0173738037540559,0.45910780669145,0.631578947368421,2.23717948717949,1.21203438395415,0.134975156298378
"22","City of Culver City, CA",22,33.998214,-118.394059,33300,34341,34587,34971,35412,35690,39865,0.0261131318198921,0.00617082653957105,0.00963250972030603,0.011062335381914,0.00697353568292989,0.236311239193084,1.5609756097561,1.1484375,0.630385487528345,-0.105972540880619
"23","City of Diamond Bar, CA",23,34.02862,-117.81034,18293,18719,18950,19167,19398,19558,57515,0.00740676345301226,0.0040163435625489,0.0037729288011823,0.0040163435625489,0.00278188298704686,0.542253521126761,0.939393939393939,1.06451612903226,0.692640692640693,-0.190298929451587
"24","City of Downey, CA",24,33.9401,-118.1332,28952,29534,29799,29959,30259,30451,114263,0.0050935123355767,0.00231921094317496,0.00140027830531318,0.00262552182246221,0.00168033396637582,0.4553264604811,0.60377358490566,1.875,0.64,-0.10647498865331
"25","City of Duarte, CA",25,34.1395,-117.9773,25531,25963,26108,26344,26585,26803,22016,0.0196220930232558,0.00658611918604651,0.010719476744186,0.0109465843023256,0.00990188953488372,0.335648148148148,1.62758620689655,1.02118644067797,0.904564315352697,-0.0277537222311593
"26","City of El Monte, CA",26,34.078573,-118.043456,24762,25176,25437,25552,25730,25859,117269,0.00353034476289556,0.00222565213312981,0.000980651323026546,0.00151787769998891,0.00110003496235152,0.630434782608696,0.440613026819923,1.54782608695652,0.724719101123595,-0.164101750622816
"27","City of El Segundo, CA",27,33.91918,-118.41647,27916,30245,30448,30704,30948,31133,16786,0.138746574526391,0.01209341117598,0.0152508042416299,0.0145359227928035,0.0110210890027404,0.0871618720480893,1.26108374384236,0.953125,0.758196721311475,-0.235108165699518
"28","City of Gardena, CA",28,33.888315,-118.295256,24856,25446,25640,25836,26120,26322,61310,0.00962322622736911,0.00316424726798238,0.00319686837383787,0.00463219703147937,0.00329473169140434,0.328813559322034,1.01030927835052,1.44897959183673,0.711267605633803,-0.125157491214228
"29","City of Glendale, CA",29,34.17051,-118.289463,24530,25126,25302,25454,25743,26043,206493,0.00288629638777101,0.000852329134643789,0.000736102434465091,0.0013995631813185,0.00145283375223373,0.295302013422819,0.863636363636364,1.90131578947368,1.03806228373702,0.0245791125674727
"30","City of Glendora, CA",30,34.119363,-117.855059,20959,21513,21706,21797,22068,22383,52764,0.0104995830490486,0.0036577969827913,0.00172466075354408,0.00513607762868623,0.00596997953149875,0.348375451263538,0.471502590673575,2.97802197802198,1.16236162361624,0.240065410893832
"31","City of Hawaiian Gardens, CA",31,33.830967,-118.072796,22104,22554,22670,22738,22949,23119,14676,0.0306623058053966,0.00790406105205778,0.00463341509948215,0.0143772144998637,0.0115835377487054,0.257777777777778,0.586206896551724,3.10294117647059,0.805687203791469,0.18815326364789
"32","City of Hawthorne, CA",32,33.914775,-118.348083,24712,25229,25424,25576,25821,26034,88787,0.00582292452723935,0.00219626747158931,0.00171196233682859,0.00275941297712503,0.00239899985358217,0.377176015473888,0.779487179487179,1.61184210526316,0.869387755102041,-0.0905267361684335
"33","City of Hermosa Beach, CA",33,33.86224,-118.39952,30336,31210,31479,31800,32156,32328,19670,0.0444331469242501,0.0136756481952211,0.0163192679206914,0.0180986273512964,0.00874428063040163,0.307780320366133,1.19330855018587,1.10903426791277,0.48314606741573,-0.226682698529873
"34","City of Hidden Hills, CA",34,34.160283,-118.65231,31746,32857,33016,33439,33862,34233,1890,0.587830687830688,0.0841269841269841,0.223809523809524,0.223809523809524,0.196296296296296,0.143114311431143,2.66037735849057,1,0.877068557919622,0.170140056960333
"35","City of Huntington Park, CA",35,33.977987,-118.213137,27500,28039,28245,28362,28719,29070,59484,0.00906126017080223,0.00346311613206913,0.00196691547306839,0.00600161387936252,0.00590074641920516,0.382189239332096,0.567961165048544,3.05128205128205,0.983193277310924,0.246156433243404
"36","City of Industry, CA",36,34.0197,-117.9587,95881,99085,100229,104577,120595,128375,437,7.33180778032037,2.61784897025172,9.94965675057208,36.6544622425629,17.8032036613272,0.35705368289638,3.8006993006993,3.68399264029439,0.485703583468598,1.08186230183967
"37","City of Inglewood, CA",37,33.956526,-118.358654,26369,26971,27157,27346,27681,27962,113582,0.0053001355848638,0.00163758341990808,0.00166399605571305,0.00294941099822155,0.00247398355373211,0.308970099667774,1.01612903225806,1.77248677248677,0.838805970149254,-0.0159020313595338
"38","City of Irwindale, CA",38,34.106953,-117.935341,31186,31803,32077,31597,32214,32557,1459,0.422892392049349,0.187799862919808,-0.328992460589445,0.422892392049349,0.235092529129541,0.444084278768233,-1.75182481751825,-1.28541666666667,0.555915721231767,-1.50931037104623
"39","City of La Canada Flintridge, CA",39,34.222261,-118.205369,26545,27251,27478,27787,28067,28372,20693,0.0341178176194848,0.0109698932005992,0.0149325858986131,0.013531145798096,0.0147392838157831,0.321529745042493,1.36123348017621,0.906148867313916,1.08928571428571,-0.0804505482954163
"40","City of La Habra Heights, CA",40,33.960846,-117.950619,2200,2273,2273,1705,1705,1705,5455,0.0133822181484876,0,-0.104124656278643,0,0,0,-Inf,0,NA,NA
"41","City of La Mirada, CA",41,33.9172,-118.012,20448,20958,21164,21295,21545,21738,49599,0.0102824653722857,0.0041533095425311,0.00264118228190084,0.00504042420210085,0.00389120748402186,0.403921568627451,0.635922330097087,1.90839694656489,0.772,-0.069939788677644
"42","City of La Puente, CA",42,34.031415,-117.93647,24668,25093,25287,25363,25589,25852,40697,0.0104430301987862,0.00476693613779886,0.00186745951790058,0.00555323488217805,0.00646239280536649,0.456470588235294,0.391752577319588,2.97368421052632,1.16371681415929,0.246406047560122
"43","City of La Verne, CA",43,34.10084,-117.76784,20687,21186,21402,21585,21820,22003,33282,0.0149930893576107,0.00648999459167117,0.00549846764016586,0.00706087374556818,0.00549846764016586,0.432865731462926,0.847222222222222,1.28415300546448,0.778723404255319,-0.164258909148763
"44","City of Lakewood, CA",44,33.8536,-118.134,23884,24497,24696,24818,25113,25345,80362,0.0076279833752271,0.00247629476618302,0.00151813045966999,0.00367088922625121,0.00288693661183146,0.32463295269168,0.613065326633166,2.41803278688525,0.786440677966102,0.0355429360440483
"45","City of Lancaster, CA",45,34.713292,-118.15292,20447,21011,21274,21420,21765,22024,161570,0.00349074704462462,0.00162777743392957,0.000903633100204246,0.00213529739431825,0.00160302036269109,0.466312056737589,0.555133079847909,2.36301369863014,0.750724637681159,0.0337958682241985
"46","City of Lawndale, CA",46,33.88856,-118.351813,21783,22178,22318,22482,22743,22874,33614,0.0117510561075742,0.0041649312786339,0.00487891949782829,0.00776462188373892,0.00389718569643601,0.354430379746835,1.17142857142857,1.59146341463415,0.501915708812261,-0.0951904813445466
"47","City of Lomita, CA",47,33.79224,-118.31507,20527,21019,21270,21371,21689,21853,20729,0.0237348641999132,0.0121086400694679,0.00487240098412852,0.0153408268609195,0.00791162139997106,0.510162601626016,0.402390438247012,3.14851485148515,0.515723270440252,0.144197790449607
"48","City of Lynwood, CA",48,33.924538,-118.202954,28998,29518,29751,29807,30075,30319,72047,0.00721751079156662,0.00323400002775966,0.000777270392937943,0.00371979402334587,0.00338667814065818,0.448076923076923,0.240343347639485,4.78571428571429,0.91044776119403,0.596145579406181
"49","City of Malibu, CA",49,34.039034,-118.707992,29203,29751,29944,30129,30538,30816,12961,0.0422806882185017,0.0148908263251292,0.0142735900007715,0.0315562070827868,0.0214489622714297,0.352189781021898,0.958549222797927,2.21081081081081,0.679706601466993,0.0503141040244072
"50","City of Manhattan Beach, CA",50,33.889151,-118.402127,26715,27709,28015,28295,28567,28704,35999,0.0276118781077252,0.00850023611766994,0.00777799383316203,0.00755576543792883,0.00380566126836857,0.30784708249497,0.915032679738562,0.971428571428571,0.503676470588235,-0.325503798937415
"51","City of Maywood, CA",51,33.988463,-118.187376,27562,28008,28208,28322,28725,29256,28049,0.0159007451246034,0.00713037897964277,0.00406431601839638,0.0143677136439802,0.0189311561909516,0.448430493273543,0.57,3.53508771929825,1.31761786600496,0.467784019644188
"52","City of Monrovia, CA",52,34.1528,-118.000482,24526,25082,25302,25559,25840,26106,38800,0.0143298969072165,0.0056701030927835,0.00662371134020619,0.00724226804123711,0.00685567010309278,0.39568345323741,1.16818181818182,1.09338521400778,0.946619217081851,-0.0990325743727847
"53","City of Montebello, CA",53,34.00946,-118.10535,29763,30391,30635,30818,31164,31464,64375,0.00975533980582524,0.00379029126213592,0.00284271844660194,0.0053747572815534,0.00466019417475728,0.388535031847134,0.75,1.89071038251366,0.867052023121387,-0.0259256406294545
"54","City of Monterey Park, CA",54,34.052922,-118.143465,22969,23440,23652,23873,24148,24374,62262,0.00756480678423436,0.0034049661109505,0.00354951655905689,0.00441681924769522,0.00362982236356044,0.450106157112527,1.04245283018868,1.24434389140271,0.821818181818182,-0.110319734869474
"55","City of Norwalk, CA",55,33.906763,-118.076549,25424,25977,26195,26273,26552,26811,107622,0.00513835461151066,0.00202560814703313,0.000724758878296259,0.00259240675698277,0.00240657114716322,0.394213381555154,0.357798165137615,3.57692307692308,0.92831541218638,0.314312508950556
"56","City of Palmdale, CA",56,34.408383,-118.123597,22864,23435,23720,23895,24268,24558,158968,0.0035919178702632,0.00179281364802979,0.00110085048563233,0.00234638417794776,0.00182426651904786,0.499124343257443,0.614035087719298,2.13142857142857,0.777479892761394,0.00551697379167668
"57","City of Palos Verdes Estates, CA",57,33.800571,-118.390074,18466,18976,19161,19287,19465,19679,13522,0.0377163141547108,0.0136814080757284,0.00931814820292856,0.0131637331755657,0.0158260612335453,0.362745098039216,0.681081081081081,1.41269841269841,1.20224719101124,-0.0853070542925136
"58","City of Paramount, CA",58,33.899015,-118.165152,27987,28490,28708,28835,29129,29377,56023,0.00897845527729682,0.00389125894721811,0.00226692608392981,0.0052478446352391,0.00442675329775271,0.433399602385686,0.582568807339449,2.31496062992126,0.843537414965986,0.0436166136530955
"59","City of Pico Rivera, CA",59,33.985812,-118.088787,27953,28485,28707,28845,29150,29438,64284,0.00827577624292203,0.00345342542467799,0.00214672391263767,0.00474457096633688,0.00448011946985253,0.417293233082707,0.621621621621622,2.21014492753623,0.944262295081967,0.0483305193306319
"60","City of Pomona, CA",60,34.042286,-117.756106,25877,26427,26677,26811,27087,27274,155931,0.00352720113383484,0.0016032732426522,0.000859354458061578,0.00177001365988803,0.00119924838550384,0.454545454545455,0.536,2.05970149253731,0.677536231884058,-0.0680542052582935
"61","City of Rancho Palos Verdes, CA",61,33.753146,-118.367459,17646,18100,18308,18399,18572,18684,42747,0.0106206283481882,0.00486583853837696,0.00212880436053992,0.00404706763047699,0.0026200669052799,0.458149779735683,0.4375,1.9010989010989,0.647398843930636,-0.138963118808695
"62","City of Redondo Beach, CA",62,33.830006,-118.387124,23561,24173,24419,24640,24936,25077,68697,0.0089086859688196,0.00358094239923141,0.00321702548874041,0.0043087762202134,0.00205249137516922,0.401960784313726,0.898373983739837,1.3393665158371,0.476351351351351,-0.220986841189495
"63","City of Rolling Hills, CA",63,33.756962,-118.353961,18402,18814,18969,19072,19175,19433,1940,0.212371134020619,0.0798969072164948,0.0530927835051546,0.0530927835051546,0.132989690721649,0.37621359223301,0.664516129032258,1,2.50485436893204,0.136396022549327
"64","City of Rolling Hills Estates, CA",64,33.787794,-118.358128,20436,20818,21003,21016,21250,21447,8113,0.0470849254283249,0.0228029089116233,0.00160236657216813,0.0288425982990263,0.0242820165167016,0.484293193717278,0.0702702702702703,18,0.841880341880342,3.84911095146697
"65","City of Rosemead, CA",65,34.065493,-118.084529,20322,20701,20903,21073,21212,21406,55350,0.00684733514001807,0.00364950316169828,0.0030713640469738,0.00251129177958446,0.00350496838301716,0.532981530343008,0.841584158415842,0.81764705882353,1.39568345323741,-0.103025949795053
"66","City of San Dimas, CA",66,34.10668,-117.80673,23279,23945,24212,24342,24531,24771,34516,0.0192953992351373,0.00773554293660911,0.00376636922007185,0.005475721404566,0.00695329702167111,0.400900900900901,0.48689138576779,1.45384615384615,1.26984126984127,-0.0971300724109712
"67","City of San Fernando, CA",67,34.2819,-118.439,33797,34629,34869,35300,35747,36263,24612,0.0338046481391191,0.00975134080936129,0.0175117828701446,0.0181618722574354,0.0209653827401268,0.288461538461538,1.79583333333333,1.03712296983759,1.15436241610738,0.0689450644349603
"68","City of San Gabriel, CA",68,34.114772,-118.089431,22999,23417,23639,23900,24151,24291,40954,0.0102065732285003,0.00542071592518435,0.00637300385798701,0.00612882746496069,0.00341846950236851,0.5311004784689,1.17567567567568,0.961685823754789,0.557768924302789,-0.193442274449462
"69","City of San Marino, CA",69,34.122671,-118.112911,21564,21978,22038,22257,22618,22874,13277,0.0311817428635987,0.00451909316863749,0.0164946900655269,0.0271898772313023,0.0192814641861866,0.144927536231884,3.65,1.64840182648402,0.709141274238227,0.538117659238532
"70","City of Santa Clarita, CA",70,34.440891,-118.501748,24036,24753,25018,25287,25589,25790,220424,0.00325282183428302,0.00120222843247559,0.00122037527673938,0.00137008674191558,0.000911878924255072,0.369595536959554,1.01509433962264,1.12267657992565,0.665562913907285,-0.206767657396217
"71","City of Santa Fe Springs, CA",71,33.927063,-118.063698,25817,26269,26487,26519,26857,27096,18364,0.0246133739925942,0.0118710520583751,0.00174253975168809,0.0184055761272054,0.0130145937704204,0.482300884955752,0.146788990825688,10.5625,0.707100591715976,1.97467261687435
"72","City of Santa Monica, CA",72,34.013666,-118.49375,36280,37322,37561,37927,38332,38717,92446,0.0112714449516474,0.00258529303593449,0.00395906799645198,0.00438093589771326,0.00416459338424594,0.22936660268714,1.53138075313808,1.10655737704918,0.950617283950617,-0.0455194957937467
"73","City of Sierra Madre, CA",73,34.168771,-118.050216,26390,26872,27109,27500,27773,28010,10989,0.0438620438620439,0.0215670215670216,0.0355810355810356,0.0248430248430248,0.0215670215670216,0.491701244813278,1.64978902953586,0.698209718670077,0.868131868131868,-0.0730420347122281
"74","City of Signal Hill, CA",74,33.803448,-118.168135,27600,28355,28567,28923,29168,29423,11797,0.0639993218614902,0.0179706705094516,0.0301771636856828,0.0207679918623379,0.0216156649995762,0.280794701986755,1.67924528301887,0.688202247191011,1.04081632653061,-0.0777353603181884
"75","City of South El Monte, CA",75,34.05195,-118.04673,26986,27402,27690,27814,27987,28173,20885,0.0199186018673689,0.0137898012927939,0.00593727555661958,0.0082834570265741,0.00890591333492938,0.692307692307692,0.430555555555556,1.39516129032258,1.07514450867052,-0.101707738285913
"76","City of South Gate, CA",76,33.956062,-118.205202,29796,30395,30624,30780,31099,31424,98155,0.00610259283785849,0.00233304467423972,0.00158932300952575,0.00324996179511996,0.00331108960317865,0.382303839732888,0.681222707423581,2.04487179487179,1.01880877742947,0.0318017798644327
"77","City of South Pasadena, CA",77,34.108957,-118.156615,31808,32633,32887,33370,33716,34000,26053,0.0316662188615515,0.00974935707979887,0.0185391317698538,0.0132806202740567,0.0109008559474917,0.307878787878788,1.90157480314961,0.716356107660455,0.820809248554913,-0.0633452631890592
"78","City of Temple City, CA",78,34.10723,-118.05785,21791,22216,22378,22707,22897,23067,36455,0.0116582087505143,0.00444383486490193,0.00902482512686874,0.00521190508846523,0.00466328350020573,0.381176470588235,2.03086419753086,0.577507598784194,0.894736842105263,-0.0289287227478607
"79","City of Torrance, CA",79,33.835665,-118.353805,19507,19992,20204,20331,20546,20676,149268,0.00324918937749551,0.00142026422274031,0.000850818661735938,0.00144036230136399,0.000870916740359622,0.437113402061856,0.599056603773585,1.69291338582677,0.604651162790698,-0.166566361386773
"80","City of Vernon, CA",80,34.003903,-118.230073,144976,145933,147368,148325,153110,158852,209,4.57894736842105,6.86602870813397,4.57894736842105,22.8947368421053,27.4736842105263,1.49947753396029,0.666898954703833,5,1.2,1.09159412216603
"81","City of Walnut, CA",81,34.0203,-117.8653,18269,18905,19121,19304,19570,19828,30532,0.0208306039565046,0.00707454473994498,0.00599371151578672,0.00871217083715446,0.00845015066160094,0.339622641509434,0.847222222222222,1.45355191256831,0.969924812030075,-0.0974196029174907
"82","City of West Covina, CA",82,34.066964,-117.937007,24401,24955,25174,25232,25445,25719,108235,0.00511849216981568,0.00202337506351919,0.000535871021388645,0.00196794013027209,0.00253152861828429,0.395306859205776,0.264840182648402,3.67241379310345,1.28638497652582,0.404736452870862
"83","City of West Hollywood, CA",83,34.093828,-118.381697,42443,43677,43934,44356,44832,45181,36951,0.0333955779275256,0.0069551568293145,0.0114205298909366,0.0128819247111039,0.00944494059700685,0.208265802269044,1.6420233463035,1.12796208530806,0.733193277310924,-0.0721388722021183
"84","City of Westlake Village, CA",84,34.137015,-118.82193,4569,4892,4952,4725,4761,4785,8360,0.0386363636363636,0.00717703349282297,-0.0271531100478469,0.00430622009569378,0.00287081339712919,0.185758513931889,-3.78333333333333,-0.158590308370044,0.666666666666667,-1.77237461527621
"85","City of Whittier, CA",85,34.004311,-118.0441,24494,25077,25277,25437,25749,25969,87432,0.00666803916186293,0.00228749199377802,0.00182999359502242,0.00356848751029371,0.00251624119315582,0.343053173241852,0.8,1.95,0.705128205128205,-0.0504546554074856
"86","Los Angeles - Adams-Normandie, CA",86,34.0343,-118.2993,28773,29261,29468,29700,30090,30346,8202,0.0594976834918313,0.0252377468910022,0.0282857839551329,0.0475493782004389,0.0312118995366984,0.424180327868852,1.1207729468599,1.68103448275862,0.656410256410256,-0.0294004965255917
"87","Los Angeles - Alsace, CA",87,33.9786,-118.4156,25368,25970,26171,26468,26766,26967,12445,0.048372840498192,0.0161510646846123,0.0238650060265167,0.0239453595821615,0.0161510646846123,0.333887043189369,1.47761194029851,1.003367003367,0.674496644295302,-0.127659342212455
"88","Los Angeles - Angeles National Forest, CA",88,34.3168,-118.0058,15000,15000,15000,15000,17500,17500,40,0,0,0,62.5,0,NA,NA,Inf,0,NA
"89","Los Angeles - Angelino Heights, CA",89,34.0703,-118.2548,47962,48521,48841,49161,49640,50200,2502,0.223421262989608,0.127897681854516,0.127897681854516,0.191446842525979,0.223820943245404,0.572450805008945,1,1.496875,1.16910229645094,0.059607025364971
"90","Los Angeles - Arleta, CA",90,34.2505,-118.4338,33730,34565,34865,35284,35825,36383,34370,0.0242944428280477,0.00872854233343032,0.012190864125691,0.015740471341286,0.0162350887401804,0.359281437125749,1.39666666666667,1.29116945107399,1.03142329020333,0.019635211267432
"91","Los Angeles - Atwater Village, CA",91,34.1173,-118.2614,41456,42391,42656,43025,43597,44136,14666,0.0637528978589936,0.0180690031365062,0.0251602345561162,0.0390017728078549,0.0367516705304787,0.283422459893048,1.39245283018868,1.55013550135501,0.942307692307692,0.0420796209361083
"92","Los Angeles - Baldwin Hills, CA",92,34.0067,-118.3506,27463,28138,28331,28585,28877,29096,31125,0.0216867469879518,0.00620080321285141,0.00816064257028113,0.00938152610441767,0.00703614457831325,0.285925925925926,1.3160621761658,1.1496062992126,0.75,-0.124601399673918
"93","Los Angeles - Bel Air, CA",93,34.1002,-118.4595,33397,34263,34405,35010,35390,35615,8429,0.102740538616681,0.0168466010202871,0.0717760113892514,0.0450824534345711,0.0266935579546803,0.163972286374134,4.26056338028169,0.628099173553719,0.592105263157895,0.411185025841859
"94","Los Angeles - Beverly Crest, CA",94,34.1013,-118.4163,32886,34108,34259,34571,35042,35425,12525,0.097564870259481,0.0120558882235529,0.0249101796407186,0.0376047904191617,0.0305788423153693,0.123567921440262,2.06622516556291,1.50961538461538,0.813163481953291,0.128142988392963
"95","Los Angeles - Beverlywood, CA",95,34.0494,-118.3952,37569,38754,38981,39346,39794,40234,13173,0.0899567296743339,0.0172322174144083,0.0277081909967357,0.0340089577165414,0.0334016549001746,0.191561181434599,1.6079295154185,1.22739726027397,0.982142857142857,0.00225770356748281
"96","Los Angeles - Boyle Heights, CA",96,34.0298,-118.2117,33588,34207,34394,34731,35104,35621,86884,0.00712444178444823,0.00215229501404171,0.00387873486487731,0.00429308042907785,0.00595046268588002,0.302100161550889,1.80213903743316,1.10682492581602,1.38605898123324,0.149280776508328
"97","Los Angeles - Brentwood, CA",97,34.0521,-118.4732,38692,40081,40333,40824,41383,41858,30955,0.0448715877887256,0.00814084962041673,0.0158617347762882,0.0180584719754482,0.0153448554353093,0.181425485961123,1.9484126984127,1.13849287169043,0.849731663685152,0.0295156799373504
"98","Los Angeles - Brookside, CA",98,34.0622,-118.3385,38382,39071,39759,40275,40792,41308,581,1.18588640275387,1.184165232358,0.888123924268503,0.889845094664372,0.888123924268503,0.998548621190131,0.75,1.00193798449612,0.998065764023211,-0.0628619075726336
"99","Los Angeles - Cadillac-Corning, CA",99,34.0423,-118.3875,26485,27117,27243,27398,27707,28184,7121,0.0887515798342929,0.0176941440808875,0.0217666058137902,0.0433927819126527,0.0669849740205027,0.199367088607595,1.23015873015873,1.99354838709677,1.54368932038835,0.241690881562862
"100","Los Angeles - Canoga Park, CA",100,34.2083,-118.6059,27564,28274,28464,28800,29149,29547,65289,0.0108747262172801,0.00291013800180735,0.00514634930845931,0.00534546401384613,0.00609597328799645,0.267605633802817,1.76842105263158,1.03869047619048,1.14040114613181,0.0537795771891693
"101","Los Angeles - Carthay, CA",101,34.0558,-118.368,43118,44106,44468,44963,45652,46091,14363,0.0687878576898976,0.0252036482628977,0.0344635521826916,0.0479704797047971,0.0305646452690942,0.366396761133603,1.36740331491713,1.39191919191919,0.637155297532656,-0.0592813586243555
"102","Los Angeles - Central, CA",102,34.0687,-118.3228,31004,31535,31699,31814,32130,32363,38992,0.0136181780878129,0.00420599097250718,0.00294932293803857,0.00810422650800164,0.00597558473533032,0.308851224105461,0.701219512195122,2.74782608695652,0.737341772151899,0.123809648852251
"103","Los Angeles - Century City, CA",103,34.0537,-118.4134,35038,36335,36554,37015,37430,37883,12792,0.101391494684178,0.0171200750469043,0.0360381488430269,0.0324421513445904,0.0354127579737336,0.168851195065536,2.10502283105023,0.900216919739696,1.09156626506024,0.0664143027289253
"104","Los Angeles - Century Palms/Cove, CA",104,0,0,28783,29272,29497,29672,29891,30208,33766,0.0144820233370846,0.00666350767043772,0.00518272818811823,0.00648581413255938,0.00938814191790559,0.460122699386503,0.777777777777778,1.25142857142857,1.44748858447489,-0.0157955917330655
"105","Los Angeles - Chatsworth, CA",105,34.2506,-118.6148,31049,31758,31982,32363,32805,33186,37061,0.0191306224872508,0.00604408947411025,0.0102803486144465,0.0119262836944497,0.0102803486144465,0.315937940761636,1.70089285714286,1.16010498687664,0.861990950226244,0.00973168375184452
"106","Los Angeles - Cheviot Hills, CA",106,34.0403,-118.4042,41130,42351,42700,43212,43648,44128,9171,0.133137062479555,0.0380547377603315,0.0558281539635809,0.0475411623596118,0.052338894340857,0.285831285831286,1.46704871060172,0.8515625,1.10091743119266,-0.0736600180935836
"107","Los Angeles - Chinatown, CA",107,34.0623,-118.2383,30981,31929,32178,32490,32776,33175,8021,0.118189751901259,0.0310435107841915,0.0388978930307942,0.0356564019448947,0.0497444208951502,0.262658227848101,1.25301204819277,0.916666666666667,1.39510489510489,-0.0431395405468915
"108","Los Angeles - Cloverdale/Cochran, CA",108,0,0,29588,30331,30482,30777,31093,31451,14553,0.0510547653404796,0.0103758675187247,0.0202707345564488,0.0217137359994503,0.0245997388854532,0.203230148048452,1.95364238410596,1.07118644067797,1.13291139240506,0.0902425913093605
"109","Los Angeles - Country Club Park, CA",109,34.0503,-118.3212,31169,31895,32112,32310,32706,32951,15153,0.0479113046921402,0.014320596581535,0.0130667194614928,0.0261334389229855,0.0161684154952815,0.298898071625344,0.912442396313364,2,0.618686868686869,-0.0424931658436057
"110","Los Angeles - Crenshaw District, CA",110,34.0182,-118.3404,32808,33473,33625,34030,34348,34746,13829,0.0480873526646901,0.0109913948947863,0.0292862824499241,0.0229951551088293,0.0287800997902958,0.228571428571429,2.66447368421053,0.785185185185185,1.25157232704403,0.232450656252791
"111","Los Angeles - Crestview, CA",111,34.0479,-118.3804,37650,38749,38934,39409,39945,40420,11368,0.0966748768472906,0.0162737508796622,0.0417839549612949,0.0471498944405348,0.0417839549612949,0.168334849863512,2.56756756756757,1.12842105263158,0.886194029850746,0.187629374978351
"112","Los Angeles - Del Rey, CA",112,33.986,-118.4249,29490,30285,30549,30866,31240,31641,29936,0.0265566541956173,0.0088188134687333,0.0105892570817745,0.0124933190807055,0.0133952431854623,0.332075471698113,1.20075757575758,1.17981072555205,1.07219251336898,-0.0537909284058191
"113","Los Angeles - Downtown, CA",113,34.0407,-118.2468,55081,56517,56833,57378,57989,58665,27507,0.0522048932998873,0.0114879848765769,0.019813138473843,0.0222125277202167,0.0245755625840695,0.220055710306407,1.7246835443038,1.12110091743119,1.1063829787234,0.0430557876912003
"114","Los Angeles - Eagle Rock, CA",114,34.1392,-118.2141,38607,39503,39751,40221,40764,41153,39589,0.0226325494455531,0.00626436636439415,0.0118719846421986,0.0137159311930082,0.00982596175705373,0.276785714285714,1.89516129032258,1.15531914893617,0.716390423572744,0.0109141442793023
"115","Los Angeles - East Hollywood, CA",115,34.0913,-118.2936,30922,31731,31939,32267,32639,32981,29287,0.0276231775190358,0.00710212722368286,0.0111995083142691,0.0127018813808174,0.0116775361081709,0.257107540173053,1.57692307692308,1.13414634146341,0.919354838709677,-0.0281170506826945
"116","Los Angeles - Echo Park, CA",116,34.0782,-118.2606,49242,50442,50758,51221,51838,52420,14256,0.0841750841750842,0.0221661054994388,0.0324775533108866,0.0432800224466891,0.0408249158249158,0.263333333333333,1.46518987341772,1.33261339092873,0.943273905996759,0.00110262591913474
"117","Los Angeles - El Sereno, CA",117,34.0736,-118.1786,34063,34666,34831,35244,35634,36084,41808,0.0144230769230769,0.00394661308840413,0.00987849215461156,0.00932835820895522,0.0107634902411022,0.27363184079602,2.5030303030303,0.944309927360775,1.15384615384615,0.218704556258313
"118","Los Angeles - Elysian Park, CA",118,34.0838,-118.2366,39023,39811,40109,40249,40511,41036,5712,0.137955182072829,0.0521708683473389,0.0245098039215686,0.0458683473389356,0.0919117647058824,0.378172588832487,0.469798657718121,1.87142857142857,2.00381679389313,0.180804152968077
"119","Los Angeles - Elysian Valley, CA",119,34.0967,-118.2427,37587,38216,38433,38885,39357,39750,10171,0.0618424933634844,0.0213351686166552,0.0444400747222495,0.0464064497099597,0.0386392685085046,0.344992050874404,2.08294930875576,1.04424778761062,0.832627118644068,0.0762040664712128
"120","Los Angeles - Encino, CA",120,34.1517,-118.5214,33507,34568,34834,35210,35639,36091,45172,0.0234880014168069,0.00588860355972726,0.00832374037014079,0.00949703356061277,0.0100061985300629,0.250706880301602,1.41353383458647,1.14095744680851,1.05361305361305,-0.0352971961725918
"121","Los Angeles - Exposition, CA",121,34.0149,-118.2862,31930,32682,32892,33103,33343,33764,3326,0.226097414311485,0.0631389055923031,0.0634395670475045,0.0721587492483464,0.126578472639808,0.279255319148936,1.0047619047619,1.13744075829384,1.75416666666667,0.0439061622178366
"122","Los Angeles - Exposition Park, CA",122,34.0149,-118.2862,26767,27422,27620,27871,28141,28424,44917,0.0145824520782777,0.00440813055190685,0.00558808468953848,0.00601108711623661,0.0063005098292406,0.302290076335878,1.26767676767677,1.07569721115538,1.04814814814815,-0.076546949170957
"123","Los Angeles - Faircrest Heights, CA",123,34.0476,-118.371,32778,33778,34139,34667,34972,35306,3600,0.277777777777778,0.100277777777778,0.146666666666667,0.0847222222222222,0.0927777777777778,0.361,1.46260387811634,0.577651515151515,1.09508196721311,-0.125915659879757
"124","Los Angeles - Figueroa Park Square, CA",124,33.9602,-118.284,29710,30249,30547,30673,30902,31223,8721,0.0618048388946222,0.0341703933035202,0.0144478844169247,0.0262584565990139,0.0368077055383557,0.552875695732839,0.422818791946309,1.81746031746032,1.40174672489083,0.0487253825075737
"125","Los Angeles - Florence-Firestone, CA",125,33.9672,-118.2436,30775,31323,31485,31672,31938,32309,47445,0.0115502160396248,0.00341447992412267,0.00394140583833913,0.00560649172726315,0.00781958056697228,0.295620437956204,1.15432098765432,1.42245989304813,1.39473684210526,0.0667845401909792
"126","Los Angeles - Glassell Park, CA",126,34.109,-118.2334,34704,35540,35758,36122,36527,36998,31604,0.0264523478040754,0.00689786103024934,0.0115175294266549,0.0128148335653715,0.0149031768130616,0.260765550239234,1.6697247706422,1.11263736263736,1.16296296296296,0.0515226616204404
"127","Los Angeles - Gramercy Place, CA",127,34.0468,-118.3127,29051,29998,30212,30713,31094,31382,10764,0.0879784466740988,0.0198810850984764,0.0465440356744705,0.0353957636566332,0.0267558528428094,0.2259767687434,2.3411214953271,0.760479041916168,0.755905511811024,0.0208707044494236
"128","Los Angeles - Granada Hills, CA",128,34.2794,-118.5022,29680,30455,30687,31019,31345,31668,58191,0.0133182107198708,0.00398687082194841,0.00570534962451238,0.00560224089635854,0.00555068653228162,0.299354838709677,1.43103448275862,0.981927710843374,0.99079754601227,-0.0742213554190146
"129","Los Angeles - Green Meadows, CA",129,33.9556,-118.2694,29077,29584,29733,29923,30226,30416,21505,0.0235759125784701,0.00692862125087189,0.00883515461520577,0.014089746570565,0.00883515461520577,0.293885601577909,1.2751677852349,1.59473684210526,0.627062706270627,-0.0522867662028254
"130","Los Angeles - Hancock Park, CA",130,34.0723,-118.3287,35888,36763,37009,37402,37901,38359,17039,0.0513527789189506,0.0144374669874993,0.023064733845883,0.0292857562063501,0.0268795117084336,0.281142857142857,1.59756097560976,1.26972010178117,0.917835671342685,0.0165649014691173
"131","Los Angeles - Harbor City, CA",131,33.79002,-118.29785,19742,20251,20437,20561,20808,20943,29070,0.0175094599243206,0.00639834881320949,0.004265565875473,0.00849673202614379,0.00464396284829721,0.365422396856582,0.666666666666667,1.99193548387097,0.546558704453441,-0.107354187038086
"132","Los Angeles - Harbor Gateway, CA",132,33.8405,-118.3024,22463,22952,23108,23204,23413,23580,43600,0.0112155963302752,0.00357798165137615,0.00220183486238532,0.00479357798165138,0.0038302752293578,0.319018404907975,0.615384615384615,2.17708333333333,0.799043062200957,-0.0223676460432798
"133","Los Angeles - Harbor Pines, CA",133,33.7824,-118.3038,18971,19220,19344,19718,20091,20382,2409,0.103362391033624,0.0514736405147364,0.155251141552511,0.15483603154836,0.12079701120797,0.497991967871486,3.01612903225806,0.997326203208556,0.780160857908847,0.322902015311738
"134","Los Angeles - Harvard Heights, CA",134,34.0422,-118.3042,25451,26088,26199,26399,26654,26848,18035,0.0353202107014139,0.00615469919600776,0.0110895481009149,0.0141391738286665,0.0107568616578874,0.17425431711146,1.8018018018018,1.275,0.76078431372549,0.00296010815968806
"135","Los Angeles - Harvard Park, CA",135,33.9837,-118.3043,31040,31644,31831,32131,32477,32832,37935,0.0159219717938579,0.00492948464478714,0.00790826413602214,0.00912086463687887,0.00935811256095954,0.309602649006623,1.60427807486631,1.15333333333333,1.02601156069364,0.0233064044749769
"136","Los Angeles - Highland Park, CA",136,34.1155,-118.1844,33816,34626,34839,35277,35657,36098,48391,0.0167386497489203,0.00440164493397533,0.00905126986423095,0.0078526998822095,0.00911326486330103,0.262962962962963,2.05633802816901,0.867579908675799,1.16052631578947,0.0868518038993125
"137","Los Angeles - Historic Filipinotown, CA",137,34.0703,-118.268,35963,36835,37037,37289,37657,38104,13870,0.0628695025234319,0.014563806777217,0.018168709444845,0.0265320836337419,0.0322278298485941,0.231651376146789,1.24752475247525,1.46031746031746,1.21467391304348,0.0385418754957438
"138","Los Angeles - Hollywood, CA",138,34.0928,-118.3287,34106,35051,35257,35544,35952,36391,68254,0.0138453423975152,0.00301813813109854,0.00420488176517127,0.00597767163829226,0.00643185747355466,0.217989417989418,1.39320388349515,1.42160278745645,1.07598039215686,0.0271941202744681
"139","Los Angeles - Hollywood Hills, CA",139,34.1177,-118.352,38693,39927,40222,40626,41106,41598,29434,0.0419243052252497,0.0100224230481756,0.0137256234286879,0.0163076714004213,0.0167153631854318,0.239059967585089,1.36949152542373,1.18811881188119,1.025,-0.0445824237774985
"140","Los Angeles - Hyde Park, CA",140,33.9806,-118.3306,30994,31660,31880,32185,32522,32823,28541,0.0233348516169721,0.00770820924284363,0.0106863809957605,0.0118075750674468,0.0105462317367997,0.33033033033033,1.38636363636364,1.10491803278689,0.893175074183976,-0.071303231583793
"141","Los Angeles - Jefferson Park, CA",141,34.0272,-118.3176,28849,29419,29592,29989,30410,30806,8073,0.0706057227796358,0.0214294562120649,0.0491762665675709,0.0521491391056608,0.0490523968784838,0.303508771929825,2.29479768786127,1.06045340050378,0.94061757719715,0.149844359373006
"142","Los Angeles - Koreatown, CA",142,34.0597,-118.3009,25050,25706,25876,26079,26390,26661,51693,0.0126903062310177,0.00328864643181862,0.00392703073917165,0.00601628847232701,0.0052424893118991,0.259146341463415,1.19411764705882,1.5320197044335,0.871382636655949,-0.035833417597079
"143","Los Angeles - Lafayette Square, CA",143,34.0431,-118.3319,29875,30511,30643,30994,31213,31542,4559,0.139504277253784,0.0289537179205966,0.076990568107041,0.0480368501864444,0.0721649484536082,0.207547169811321,2.65909090909091,0.623931623931624,1.50228310502283,0.248213201964171
"144","Los Angeles - Lake Balboa, CA",144,34.2011,-118.5011,30335,31154,31391,31683,32038,32384,42206,0.0194048239586789,0.00561531535800597,0.00691844761408331,0.00841112638013553,0.00819788655641378,0.289377289377289,1.23206751054852,1.21575342465753,0.974647887323944,-0.0720384720231774
"145","Los Angeles - Lakeview Terrace, CA",145,34.2764,-118.3612,33823,34668,34866,35224,35575,36207,13133,0.0643417345617909,0.015076524784893,0.0272595751161197,0.0267265666641285,0.0481230488083454,0.234319526627219,1.80808080808081,0.980446927374302,1.8005698005698,0.205854265663032
"146","Los Angeles - Leimert Park, CA",146,34.0107,-118.3235,31001,31605,31808,32045,32458,32806,15235,0.0396455530029537,0.0133245815556285,0.0155562848703643,0.0271086314407614,0.0228421398096488,0.336092715231788,1.16748768472906,1.74261603375527,0.842615012106538,0.022202861455666
"147","Los Angeles - Lincoln Heights, CA",147,34.0737,-118.2118,35031,35660,35896,36310,36718,37200,32597,0.0192962542565267,0.00723993005491303,0.012700555265822,0.0125164892474768,0.0147866368070681,0.375198728139905,1.75423728813559,0.985507246376812,1.18137254901961,0.0740789529179794
"148","Los Angeles - Little Armenia, CA",148,34.0981,-118.3005,37383,38280,38417,38555,38717,39040,8025,0.111775700934579,0.0170716510903427,0.017196261682243,0.0201869158878505,0.0402492211838006,0.15273132664437,1.00729927007299,1.17391304347826,1.99382716049383,0.0819427001723627
"149","Los Angeles - Little Bangladesh, CA",149,34.0691,-118.2969,27121,27771,27926,28303,28649,28970,28343,0.0229333521504428,0.00546872243587482,0.0133013442472568,0.0122075997600819,0.0113255477542956,0.238461538461538,2.43225806451613,0.917771883289125,0.927745664739884,0.129059287751669
"150","Los Angeles - Little Tokyo, CA",150,34.0523,-118.2395,64092,65432,65656,66103,66422,67092,3133,0.42770507500798,0.0714969677625279,0.142674752633259,0.101819342483243,0.21385253750399,0.167164179104478,1.99553571428571,0.713646532438479,2.10031347962382,0.244164976363124
"151","Los Angeles - Longwood, CA",151,34.0368,-118.3447,33875,34480,34642,34689,35130,35525,4304,0.140566914498141,0.037639405204461,0.0109200743494424,0.10246282527881,0.091775092936803,0.267768595041322,0.290123456790123,9.38297872340426,0.895691609977324,1.70914059630326
"152","Los Angeles - Los Feliz, CA",152,34.1063,-118.2848,46349,47408,47663,48005,48584,49102,21608,0.0490096260644206,0.0118011847463902,0.0158274713069234,0.026795631247686,0.023972602739726,0.240793201133144,1.34117647058824,1.69298245614035,0.894645941278066,0.0423995172849491
"153","Los Angeles - Manchester Square, CA",153,33.8993,-118.2977,28210,28925,29135,29475,29803,30155,8536,0.0837628865979381,0.024601686972821,0.0398313027179007,0.0384254920337395,0.0412371134020619,0.293706293706294,1.61904761904762,0.964705882352941,1.07317073170732,-0.0123423682964573
"154","Los Angeles - Mandeville Canyon, CA",154,34.0965,-118.5025,38348,39789,40269,40781,41389,42029,3124,0.461267605633803,0.153649167733675,0.163892445582586,0.194622279129321,0.204865556978233,0.333102012491325,1.06666666666667,1.1875,1.05263157894737,-0.0900249354736598
"155","Los Angeles - Mar Vista, CA",155,34.0153,-118.4338,31831,33001,33242,33762,34242,34692,42471,0.0275482093663912,0.00567446021991477,0.012243648607285,0.0113018294836477,0.0105954651409197,0.205982905982906,2.15767634854772,0.923076923076923,0.9375,0.0560590444018867
"156","Los Angeles - Marina Peninsula, CA",156,33.9797,-118.4657,38050,38876,39106,39702,40298,40665,4360,0.189449541284404,0.0527522935779817,0.136697247706422,0.136697247706422,0.0841743119266055,0.278450363196126,2.59130434782609,1,0.615771812080537,0.121381630775687
"157","Los Angeles - Melrose, CA",157,34.0862,-118.3078,36259,37163,37370,37724,38111,38530,77696,0.0116350906095552,0.00266422981878089,0.00455621911037891,0.00498095140032949,0.00539281301482702,0.228982300884956,1.71014492753623,1.09322033898305,1.08268733850129,0.0287587264763826
"158","Los Angeles - Mid-city, CA",158,34.0416,-118.3287,36021,36886,37106,37418,37758,38117,15030,0.0575515635395875,0.0146373918829009,0.0207584830339321,0.0226214238190286,0.0238855622089155,0.254335260115607,1.41818181818182,1.08974358974359,1.05588235294118,-0.0454642447544521
"159","Los Angeles - Miracle Mile, CA",159,34.0595,-118.3491,37971,38960,39188,39516,39894,40322,17985,0.0549902696691687,0.0126772310258549,0.0182374200722825,0.0210175145954962,0.02379760911871,0.230535894843276,1.43859649122807,1.15243902439024,1.13227513227513,-0.0115383643158194
"160","Los Angeles - Mission Hills, CA",160,34.2723,-118.4689,34219,35148,35388,35769,36312,36768,24124,0.0385093682639695,0.00994859890565412,0.0157934007627259,0.0225087050240424,0.0189023379207428,0.258342303552207,1.5875,1.4251968503937,0.839779005524862,0.0277045398676923
"161","Los Angeles - Mt. Washington, CA",161,34.0992,-118.2204,35337,36198,36393,36749,37378,37722,24145,0.0356595568440671,0.00807620625388279,0.014744253468627,0.026050942224063,0.0142472561606958,0.226480836236934,1.82564102564103,1.76685393258427,0.546899841017488,0.0914689088699293
"162","Los Angeles - North Hills, CA",162,34.2358,-118.4849,27216,27942,28146,28487,28877,29301,61575,0.0117904993909866,0.00331303288672351,0.00553796183516037,0.00633373934226553,0.00688591149005278,0.28099173553719,1.67156862745098,1.14369501466276,1.08717948717949,0.0458587162076035
"163","Los Angeles - North Hollywood, CA",163,34.187,-118.3813,29981,30809,31031,31312,31714,32109,151421,0.0054681979381988,0.00146611104140113,0.00185575316501674,0.00265484972361826,0.00260862099708759,0.268115942028986,1.26576576576577,1.43060498220641,0.982587064676617,-0.0132315613305565
"164","Los Angeles - Northridge, CA",164,34.2381,-118.5301,29557,30334,30523,30928,31331,31666,69797,0.0111322836225053,0.00270785277304182,0.00580254165651819,0.00577388712981933,0.00479963322205825,0.243243243243243,2.14285714285714,0.995061728395062,0.831265508684863,0.0531069057950778
"165","Los Angeles - Pacific Palisades, CA",165,34.0356,-118.5156,34334,35574,35762,36429,36964,37631,21291,0.0582405711333427,0.00883002207505519,0.0313277910854352,0.0251279883518858,0.0313277910854352,0.151612903225806,3.54787234042553,0.802098950524738,1.24672897196262,0.437078291534673
"166","Los Angeles - Pacoima, CA",166,34.2768,-118.4105,33268,34063,34281,34745,35175,35643,76979,0.010327491913379,0.00283194117876304,0.00602761792177087,0.00558593902233077,0.00607958014523441,0.274213836477987,2.12844036697248,0.926724137931035,1.08837209302326,0.104437608601189
"167","Los Angeles - Palisades Highlands, CA",167,34.0761,-118.5653,28471,29615,29849,30213,30681,31201,3846,0.297451898075923,0.0608424336973479,0.0946437857514301,0.121684867394696,0.135205408216329,0.204545454545455,1.55555555555556,1.28571428571429,1.11111111111111,0.0392316017316017
"168","Los Angeles - Palms, CA",168,34.0244,-118.4075,31875,34123,34371,35283,35798,36201,43877,0.0512341317774688,0.00565216400392005,0.0207853773047382,0.0117373567016888,0.00918476650637008,0.110320284697509,3.67741935483871,0.56469298245614,0.78252427184466,0.283739223459255
"169","Los Angeles - Panorama City, CA",169,34.2276,-118.4424,28874,29565,29838,30136,30522,30967,75250,0.00918272425249169,0.00362790697674419,0.00396013289036545,0.00512956810631229,0.00591362126245847,0.395079594790159,1.09157509157509,1.29530201342282,1.15284974093264,-0.016298389819822
"170","Los Angeles - Park La Brea, CA",170,33.841369,-118.03234,26384,27364,27592,27975,28468,28785,13580,0.0721649484536082,0.0167893961708395,0.0282032400589102,0.0363033873343152,0.0233431516936672,0.23265306122449,1.67982456140351,1.28720626631854,0.643002028397566,-0.0393285206639744
"171","Los Angeles - Pico-Union, CA",171,34.0443,-118.2892,28151,28808,28985,29119,29406,29652,41842,0.0157019262941542,0.00423019932125615,0.00320252377993404,0.00685913675254529,0.00587926007361025,0.269406392694064,0.757062146892655,2.14179104477612,0.857142857142857,0.00635061037642395
"172","Los Angeles - Playa Del Rey, CA",172,33.9564,-118.4422,30569,31665,31852,32259,32728,33166,3196,0.342928660826033,0.0585106382978723,0.127346683354193,0.146745932415519,0.137046307884856,0.170620437956204,2.17647058823529,1.15233415233415,0.933901918976546,0.108331774375549
"173","Los Angeles - Playa Vista, CA",173,33.9754,-118.4192,37344,38449,38869,39344,39783,40111,10947,0.10094089704942,0.0383666758015895,0.0433908833470357,0.0401023111354709,0.0299625468164794,0.380090497737557,1.13095238095238,0.924210526315789,0.747152619589977,-0.204398493851074
"174","Los Angeles - Porter Ranch, CA",174,34.2822,-118.5506,26079,26841,27034,27481,27830,28111,35588,0.0214117118129707,0.00542317635157918,0.0125604136225694,0.0098066764077779,0.00789591997302462,0.253280839895013,2.3160621761658,0.78076062639821,0.805157593123209,0.0388153088955589
"175","Los Angeles - Rancho Park, CA",175,34.0454,-118.4207,40640,42393,42637,43415,44131,44543,6560,0.267225609756098,0.0371951219512195,0.11859756097561,0.109146341463415,0.0628048780487805,0.139189960068454,3.18852459016393,0.920308483290488,0.575418994413408,0.205860506984071
"176","Los Angeles - Regent Square, CA",176,34.0411,-118.495,26691,27410,27626,27806,27986,28381,2780,0.25863309352518,0.0776978417266187,0.0647482014388489,0.0647482014388489,0.142086330935252,0.300417246175243,0.833333333333333,1,2.19444444444444,0.0820487559882553
"177","Los Angeles - Reseda, CA",177,34.2011,-118.5361,34209,34994,35202,35582,35983,36385,76617,0.0102457679105159,0.00271480219794563,0.00495973478470835,0.00523382539123171,0.00524687732487568,0.264968152866242,1.82692307692308,1.05526315789474,1.00249376558603,0.0374120383175227
"178","Los Angeles - Reseda Ranch, CA",178,34.2011,-118.5361,31881,32873,33175,33326,33671,34167,4636,0.21397756686799,0.0651423641069888,0.0325711820534944,0.0744176013805004,0.106988783433995,0.304435483870968,0.5,2.28476821192053,1.43768115942029,0.131721213802947
"179","Los Angeles - Reynier Village, CA",179,34.0368,-118.3856,31173,32214,32427,32876,33278,33940,4228,0.246215704824976,0.0503784295175024,0.106196783349101,0.0950804162724693,0.156575212866604,0.204610951008646,2.10798122065728,0.89532293986637,1.64676616915423,0.21367032017163
"180","Los Angeles - San Pedro, CA",180,33.7361,-118.2922,21014,21540,21695,21768,21960,22115,78038,0.00674030600476691,0.00198621184551116,0.000935441707885902,0.00246033983443963,0.00198621184551116,0.29467680608365,0.470967741935484,2.63013698630137,0.807291666666667,0.0507683002467927
"181","Los Angeles - Shadow Hills, CA",181,34.2575,-118.355,29604,30639,31045,31540,31990,32463,4442,0.233003151733453,0.0914002701485817,0.111436289959478,0.10130571814498,0.106483565961279,0.392270531400966,1.2192118226601,0.909090909090909,1.05111111111111,-0.107078906434229
"182","Los Angeles - Sherman Oaks, CA",182,34.149,-118.4514,35883,37139,37426,37817,38266,38723,87254,0.0143947555412932,0.00328924748435602,0.00448116991771151,0.00514589589015976,0.00523758223118711,0.228503184713376,1.36236933797909,1.14833759590793,1.01781737193764,-0.0607431273654906
"183","Los Angeles - Silverlake, CA",183,34.0869,-118.2702,49318,50473,50686,51090,51589,52140,44083,0.0262005761858313,0.00483179456933512,0.0091645305446544,0.011319556291541,0.012499149331942,0.184415584415584,1.89671361502347,1.23514851485149,1.10420841683367,0.105121532781053
"184","Los Angeles - South Carthay, CA",184,34.0561,-118.3734,35328,36498,36678,37008,37480,38027,10595,0.110429447852761,0.0169891458235017,0.0311467673430864,0.0445493157149599,0.0516281264747522,0.153846153846154,1.83333333333333,1.43030303030303,1.15889830508475,0.144095205641816
"185","Los Angeles - South Park, CA",185,34.043,-118.2641,29649,30184,30357,30344,30589,30855,37961,0.0140934116593346,0.00455730881694371,-0.000342456731909065,0.00645399225520929,0.00700719159137009,0.323364485981308,-0.0751445086705202,-18.8461538461538,1.08571428571429,-5.37805489578219
"186","Los Angeles - St Elmo Village, CA",186,34.0431,-118.343,35166,35580,35624,35711,35929,36453,4584,0.0903141361256544,0.00959860383944154,0.018979057591623,0.0475567190226876,0.114310645724258,0.106280193236715,1.97727272727273,2.50574712643678,2.40366972477064,0.748242442929216
"187","Los Angeles - Studio City, CA",187,34.1396,-118.3871,41591,42816,43128,43543,44095,44590,22440,0.0545900178253119,0.013903743315508,0.01849376114082,0.0245989304812834,0.0220588235294118,0.25469387755102,1.33012820512821,1.33012048192771,0.896739130434783,-0.0470795762395703
"188","Los Angeles - Sun Valley, CA",188,34.2279,-118.3813,29169,29951,30223,30631,31084,31618,52483,0.0149000628775032,0.00518263056608807,0.0077739458491321,0.00863136634719814,0.010174723243717,0.347826086956522,1.5,1.11029411764706,1.17880794701987,0.0342320379058621
"189","Los Angeles - Sunland, CA",189,34.2596,-118.3083,29572,30243,30454,30733,31012,31404,20408,0.0328792630341043,0.0103390827126617,0.013671109368875,0.013671109368875,0.0192081536652293,0.314456035767511,1.32227488151659,1,1.40501792114695,0.0104372096077631
"190","Los Angeles - Sycamore Square, CA",190,34.0572,-118.3459,42813,43895,44204,44668,45131,46677,647,1.67233384853168,0.47758887171561,0.717156105100464,0.715610510046368,2.38948995363215,0.285582255083179,1.50161812297735,0.997844827586207,3.33909287257019,0.531034519554232
"191","Los Angeles - Sylmar, CA",191,34.3058,-118.4572,33875,34655,34907,35319,35799,36423,82398,0.00946624918080536,0.00305832665841404,0.00500012136216898,0.00582538411126484,0.00757299934464429,0.323076923076923,1.63492063492063,1.16504854368932,1.3,0.10576152542172
"192","Los Angeles - Tarzana, CA",192,34.1495,-118.5506,35309,36420,36805,37230,37715,38276,30876,0.0359826402383728,0.0124692317657728,0.0137647363648141,0.0157079932633761,0.0181694520015546,0.346534653465347,1.1038961038961,1.14117647058824,1.15670103092784,-0.0629229352806198
"193","Los Angeles - Temple-Beaudry, CA",193,34.0629,-118.2513,32769,33532,33691,33983,34312,34697,39482,0.0193252621447748,0.00402715161339345,0.00739577529000557,0.00833291120004052,0.00975127906387721,0.208387942332896,1.83647798742138,1.12671232876712,1.17021276595745,0.0854477561197126
"194","Los Angeles - Thai Town, CA",194,34.1018,-118.3036,32236,33153,33388,33714,33938,34336,9809,0.0934855744724233,0.0239575899683964,0.0332347843816903,0.0228361708634927,0.0405749821592415,0.256270447110142,1.38723404255319,0.687116564417178,1.77678571428571,0.0268516920915563
"195","Los Angeles - Toluca Lake, CA",195,34.1502,-118.355,39235,40292,40591,41062,41556,42142,8704,0.121438419117647,0.0343520220588235,0.0541130514705882,0.0567555147058824,0.0673253676470588,0.282876064333018,1.5752508361204,1.04883227176221,1.18623481781377,0.0232984975073481
"196","Los Angeles - Toluca Terrace, CA",196,34.1668,-118.3589,31547,32848,33231,33461,33844,34227,1306,0.996171516079633,0.293261868300153,0.176110260336907,0.293261868300153,0.293261868300153,0.294388931591084,0.600522193211488,1.66521739130435,1,-0.10996787097327
"197","Los Angeles - Toluca Woods, CA",197,33.940571,-118.24285,36329,37137,37298,37783,38428,38751,1858,0.434876210979548,0.0866523143164693,0.261033369214209,0.347147470398278,0.173842841765339,0.199257425742574,3.01242236024845,1.32989690721649,0.50077519379845,0.260587971751492
"198","Los Angeles - Tujunga, CA",198,34.2596,-118.3083,25387,26027,26156,26386,26688,27145,27810,0.0230133045667026,0.004638619201726,0.00827040632865876,0.0108594030924128,0.0164329377921611,0.2015625,1.78294573643411,1.31304347826087,1.51324503311258,0.20269918695189
"199","Los Angeles - University Hills, CA",199,34.0667,-118.1682,28376,28871,28930,29455,29746,29805,3429,0.144356955380577,0.0172061825605133,0.153105861767279,0.0848643919510061,0.0172061825605133,0.119191919191919,8.89830508474576,0.554285714285714,0.202749140893471,1.44363296477922
"200","Los Angeles - University Park, CA",200,34.031,-118.279,30911,31501,31622,31818,32113,32350,27456,0.0214889277389277,0.00440705128205128,0.00713869463869464,0.0107444638694639,0.00863199300699301,0.205084745762712,1.6198347107438,1.50510204081633,0.803389830508474,0.0333528319578286
"201","Los Angeles - Valley Glen, CA",201,34.1867,-118.4138,27435,28275,28491,28688,29114,29618,30016,0.0279850746268657,0.00719616204690832,0.00656316631130064,0.0141924307036247,0.0167910447761194,0.257142857142857,0.912037037037037,2.16243654822335,1.1830985915493,0.128678758488135
"202","Los Angeles - Valley Village, CA",202,34.1633,-118.3842,37480,38564,38790,39264,39786,40307,24720,0.0438511326860841,0.00914239482200647,0.0191747572815534,0.0211165048543689,0.0210760517799353,0.208487084870849,2.09734513274336,1.10126582278481,0.998084291187739,0.10129558289669
"203","Los Angeles - Van Nuys, CA",203,34.1899,-118.4514,27826,28636,28903,29141,29494,29861,93194,0.00869154666609438,0.00286499130845333,0.0025538124771981,0.00378779749769298,0.00393802176105758,0.32962962962963,0.891385767790262,1.48319327731092,1.03966005665722,-0.06403281715299
"204","Los Angeles - Venice, CA",204,33.985,-118.4695,35095,36134,36370,36828,37208,37613,33885,0.0306625350450052,0.00696473365796075,0.0135163051497713,0.0112144016526487,0.0119521912350598,0.227141482194418,1.94067796610169,0.829694323144105,1.06578947368421,0.015825811281107
"205","Los Angeles - Vermont Knolls, CA",205,33.9273,-118.2893,29808,30349,30512,30797,31145,31378,17200,0.031453488372093,0.00947674418604651,0.0165697674418605,0.0202325581395349,0.013546511627907,0.301293900184843,1.74846625766871,1.22105263157895,0.669540229885057,-0.0149117451706101
"206","Los Angeles - Vermont Square, CA",206,34.0037,-118.3002,32572,33473,33642,33825,34387,34792,7657,0.117670105785556,0.0220713073005093,0.0238996996212616,0.0733968917330547,0.052892777850333,0.187569367369589,1.08284023668639,3.07103825136612,0.720640569395018,0.265522106204279
"207","Los Angeles - Vermont Vista, CA",207,33.9455,-118.2827,29029,29719,29826,30027,30336,30598,41186,0.0167532656728014,0.00259797018404312,0.00488029913077259,0.00750254940999369,0.00636138493662895,0.155072463768116,1.8785046728972,1.53731343283582,0.84789644012945,0.104696752407646
"208","Los Angeles - Vernon Central, CA",208,34.0039,-118.2301,33274,33880,34034,34188,34534,34872,51998,0.0116542943959383,0.00296165237124505,0.00296165237124505,0.00665410208084926,0.00650025000961575,0.254125412541254,1,2.24675324675325,0.976878612716763,0.119439318002816
"209","Los Angeles - Victoria Park, CA",209,34.047,-118.3319,24896,25372,25563,25789,26134,26336,8399,0.0566734135016073,0.0227408024764853,0.0269079652339564,0.0410763186093583,0.0240504822002619,0.401260504201681,1.18324607329843,1.52654867256637,0.585507246376812,-0.0758593758891767
"210","Los Angeles - View Heights, CA",210,33.9844,-118.3477,28452,29399,29670,29886,30347,30563,3694,0.256361667569031,0.0733622089875474,0.0584731997834326,0.124796968056308,0.0584731997834326,0.286166842661035,0.797047970479705,2.13425925925926,0.468546637744035,-0.0784948224639916
"211","Los Angeles - Watts, CA",211,33.9386,-118.238,29850,30288,30466,30677,31017,31288,42674,0.010263860898908,0.00417115808220462,0.00494446267047851,0.00796738060645827,0.00635047101279468,0.406392694063927,1.18539325842697,1.61137440758294,0.797058823529412,5.47959008108112e-05
"212","Los Angeles - Wellington Square, CA",212,34.0401,-118.3339,32513,33245,33306,33795,34059,34222,4915,0.148931841302136,0.012410986775178,0.0994913530010173,0.0537131230925738,0.0331637843336724,0.0833333333333333,8.01639344262295,0.539877300613497,0.617424242424242,1.31425707974851
"213","Los Angeles - West Adams, CA",213,34.0325,-118.3627,32834,33634,33865,34122,34495,34806,27630,0.0289540354686934,0.00836047774158523,0.00930148389431777,0.0134998190372783,0.0112558812884546,0.28875,1.11255411255411,1.45136186770428,0.833780160857909,-0.0783884647209246
"214","Los Angeles - West Hills, CA",214,34.1973,-118.644,29737,30581,30808,31141,31521,31905,40545,0.0208163768652115,0.00559871747441115,0.00821309655937847,0.00937230238007153,0.00947095819459859,0.268957345971564,1.46696035242291,1.14114114114114,1.01052631578947,-0.0281037111687284
"215","Los Angeles - West Los Angeles, CA",215,34.0412,-118.4426,37647,39396,39688,40188,40740,41301,37636,0.0464714634924009,0.0077585290679137,0.0132851525135509,0.0146668083749601,0.0149059411202041,0.166952544311035,1.71232876712329,1.104,1.01630434782609,-0.00010358518489767
"216","Los Angeles - West Vernon, CA",216,34.0053,-118.2802,32339,33081,33256,33504,33829,34132,53644,0.0138319290134964,0.00326224740884349,0.00462307061367534,0.00605845947356648,0.00564834837074044,0.235849056603774,1.41714285714286,1.31048387096774,0.932307692307692,-0.0260541307444837
"217","Los Angeles - Westchester, CA",217,33.9626,-118.3988,29888,30756,30987,31452,31797,32097,51603,0.0168207274770847,0.00447648392535318,0.00901110400558107,0.00668565781059241,0.00581361548747166,0.266129032258065,2.01298701298701,0.741935483870968,0.869565217391304,-0.0273458133731626
"218","Los Angeles - Westlake, CA",218,34.058,-118.2731,28436,29108,29270,29511,29816,30078,59355,0.0113217083649229,0.00272934040940106,0.0040603150534917,0.00513857299300817,0.00441411843989554,0.241071428571429,1.48765432098765,1.2655601659751,0.859016393442623,-0.0366744227557976
"219","Los Angeles - Westwood, CA",219,34.0635,-118.4455,31191,36835,37177,38567,39805,40337,54109,0.104307970947532,0.00632057513537489,0.0256888872461143,0.0228797427415033,0.00983200576613872,0.0605953224663359,4.06432748538012,0.890647482014389,0.429725363489499,0.361323913337585
"220","Los Angeles - Wholesale District, CA",220,34.0419,-118.2326,77320,78621,78926,80963,81610,82114,36129,0.0360098535802264,0.00844197182318913,0.0563813003404467,0.0179080517036176,0.0139500124553683,0.234435049961568,6.67868852459016,0.317623956799215,0.778979907264297,1.00243185965381
"221","Los Angeles - Wilmington, CA",221,33.784982,-118.287005,21162,21842,21975,22056,22414,22743,56487,0.0120381680740701,0.00235452404978137,0.00143395825588188,0.00633774142723104,0.00582434896524864,0.195588235294118,0.609022556390978,4.41975308641975,0.918994413407821,0.535839572878167
"222","Los Angeles - Wilshire Center, CA",222,34.0654,-118.3004,27303,28025,28232,28581,28922,29245,50170,0.0143910703607734,0.00412597169623281,0.00695634841538768,0.00679689057205501,0.00643811042455651,0.286703601108033,1.68599033816425,0.977077363896848,0.947214076246334,-0.0257536551461333
"223","Los Angeles - Winnetka, CA",223,34.2049,-118.574,29282,30078,30327,30636,31001,31437,51786,0.015370949677519,0.00480824933379678,0.00596686363109721,0.00704823697524427,0.00841926389371645,0.312814070351759,1.24096385542169,1.18122977346278,1.19452054794521,-0.0176179382046414
"224","Los Angeles - Woodland Hills, CA",224,34.1654,-118.609,34284,35174,35395,35789,36221,36606,68055,0.0130776577767982,0.00324737344794651,0.00578943501579605,0.00634780692087282,0.00565718903827786,0.248314606741573,1.78280542986425,1.09644670050761,0.891203703703704,0.0046926102042861
"225","Unincorporated - Acton, CA",225,34.48319,-118.18583,19408,19910,20085,20173,20499,20713,7971,0.0629782963241751,0.0219545853719734,0.0110400200727638,0.0408982561786476,0.0268473215405846,0.348605577689243,0.502857142857143,3.70454545454545,0.656441717791411,0.303112473220813
"226","Unincorporated - Agua Dulce, CA",226,34.4964,-118.3256,19769,20563,20707,20803,21140,21212,4158,0.190957190957191,0.0346320346320346,0.0230880230880231,0.0810485810485811,0.0173160173160173,0.181360201511335,0.666666666666667,3.51041666666667,0.213649851632047,0.143023346619179
"227","Unincorporated - Altadena, CA",227,34.195275,-118.137227,28998,29764,29977,30365,30626,30979,43620,0.0175607519486474,0.00488308115543329,0.00889500229252636,0.00598349381017882,0.00809261806510775,0.278067885117493,1.82159624413146,0.672680412371134,1.35249042145594,0.0312087407690053
"228","Unincorporated - Anaverde, CA",228,34.5611,-118.14118,16711,16777,16976,17175,17308,17440,1508,0.0437665782493369,0.131962864721485,0.131962864721485,0.0881962864721485,0.0875331564986737,3.01515151515152,1,0.668341708542714,0.992481203007519,0.418993606675437
"229","Unincorporated - Angeles National Forest, CA",229,34.3168,-118.0058,9960,10201,10281,10281,10361,10442,1245,0.193574297188755,0.0642570281124498,0,0.0642570281124498,0.0650602409638554,0.33195020746888,0,Inf,1.0125,Inf
"230","Unincorporated - Arcadia, CA",230,34.136258,-118.026704,22265,22817,23092,23431,23769,23844,7981,0.069164265129683,0.0344568349830848,0.0424758802155118,0.0423505826337552,0.00939731863175041,0.498188405797101,1.23272727272727,0.997050147492625,0.22189349112426,-0.262535170714685
"231","Unincorporated - Athens Village, CA",231,33.92,-118.2812,39391,40045,40372,40719,41148,41536,4897,0.133551153767613,0.0667755768838064,0.0708597100265469,0.0876046559117827,0.0792321829691648,0.5,1.0611620795107,1.23631123919308,0.904428904428904,-0.0745244442168272
"232","Unincorporated - Athens-Westmont, CA",232,33.952724,-118.291904,27838,28401,28594,28952,29315,29558,42442,0.013265161867961,0.00454738230997597,0.00843504076150983,0.00855284859337449,0.00572546062862259,0.342806394316163,1.85492227979275,1.01396648044693,0.669421487603306,-0.0297208394602144
"233","Unincorporated - Avocado Heights, CA",233,34.0361,-117.9912,25328,25756,25948,26007,26258,26568,6775,0.0631734317343173,0.0283394833948339,0.00870848708487085,0.0370479704797048,0.0457564575645756,0.448598130841121,0.307291666666667,4.25423728813559,1.23505976095618,0.561296711649889
"234","Unincorporated - Azusa, CA",234,34.13529,-117.91506,23369,23815,24047,24154,24374,24606,15923,0.0280097971487785,0.0145701186962256,0.00671983922627646,0.0138164918671105,0.0145701186962256,0.520179372197309,0.461206896551724,2.05607476635514,1.05454545454545,0.0230016224124072
"235","Unincorporated - Bassett, CA",235,34.049732,-117.996732,27509,27894,28042,28083,28339,28690,14817,0.0259836674090572,0.00998852669231288,0.00276709185395154,0.0172774515758926,0.0236890058716339,0.384415584415584,0.277027027027027,6.24390243902439,1.37109375,1.06910970011675
"236","Unincorporated - Bouquet Canyon, CA",236,34.440891,-118.501748,15750,16496,16682,16869,16962,17148,1073,0.69524697110904,0.173345759552656,0.174277726001864,0.0866728797763281,0.173345759552656,0.249329758713137,1.00537634408602,0.497326203208556,2,-0.0619919234980714
"237","Unincorporated - Bradbury, CA",237,34.147,-117.9709,94444,96296,97222,97222,97222,100926,108,17.1481481481481,8.57407407407407,0,0,34.2962962962963,0.5,0,NA,Inf,NA
"238","Unincorporated - Canyon Country, CA",238,34.441427,-118.448088,27497,28339,28597,28895,29309,29464,7728,0.108954451345756,0.0333850931677019,0.0385610766045549,0.0535714285714286,0.0200569358178054,0.306413301662708,1.15503875968992,1.38926174496644,0.374396135265701,-0.193722514603807
"239","Unincorporated - Castaic, CA",239,34.489,-118.6257,17289,17749,17962,18094,18285,18399,27191,0.0169173623625464,0.00783347431135302,0.0048545474605568,0.00702438306792689,0.00419256371593542,0.46304347826087,0.619718309859155,1.4469696969697,0.596858638743456,-0.218352469041706
"240","Unincorporated - Cerritos, CA",240,33.866914,-118.068648,27939,28620,28790,28450,28961,29302,587,1.16013628620102,0.289608177172061,-0.579216354344123,0.870528109028961,0.580919931856899,0.249632892804699,-2,-1.50294117647059,0.667318982387476,-1.6464973253196
"241","Unincorporated - Claremont, CA",241,34.09668,-117.71978,23932,24359,24501,24786,24786,24786,702,0.608262108262108,0.202279202279202,0.405982905982906,0,0,0.332552693208431,2.00704225352113,0,NA,NA
"242","Unincorporated - Covina, CA",242,34.097345,-117.906736,23913,24550,24710,24722,24924,25257,16819,0.0378738331648731,0.00951305071645163,0.000713478803733872,0.0120102265295202,0.019799036803615,0.251177394034537,0.075,16.8333333333333,1.64851485148515,3.70200639471325
"243","Unincorporated - Covina (Charter Oak), CA",243,34.097345,-117.906736,22284,22824,23030,23189,23387,23783,13144,0.0410833840535606,0.015672550213025,0.0120967741935484,0.0150639074863055,0.0301278149726111,0.381481481481482,0.771844660194175,1.24528301886792,2,0.0996522901358952
"244","Unincorporated - Del Aire, CA",244,33.9161,-118.3695,25450,26269,26542,26565,26906,27157,4393,0.186432961529706,0.0621443205099021,0.00523560209424084,0.077623491918962,0.0571363532893239,0.333333333333333,0.0842490842490843,14.8260869565217,0.736070381231672,2.99493493883396
"245","Unincorporated - Del Rey, CA",245,33.986,-118.4249,63522,64465,64465,65723,66352,66667,318,2.96540880503145,0,3.9559748427673,1.97798742138365,0.990566037735849,0,Inf,0.5,0.500794912559618,Inf
"246","Unincorporated - Del Sur, CA",246,34.689707,-118.288688,14990,15652,15776,15901,16108,16356,2415,0.274120082815735,0.0513457556935818,0.05175983436853,0.0857142857142857,0.102691511387164,0.187311178247734,1.00806451612903,1.656,1.19806763285024,0.012360831806752
"247","Unincorporated - Desert View Highlands, CA",247,34.408383,-118.123597,20979,21781,22262,22463,23105,23466,2493,0.321700762133975,0.192940232651424,0.0806257521058965,0.257521058965102,0.144805455274769,0.599750623441397,0.417879417879418,3.19402985074627,0.562305295950156,0.19349129700431
"248","Unincorporated - Duarte, CA",248,34.1395,-117.9773,31120,31504,31572,31707,32023,32159,4428,0.0867208672086721,0.015356820234869,0.0304878048780488,0.0713640469738031,0.030713640469738,0.177083333333333,1.98529411764706,2.34074074074074,0.430379746835443,0.233374484639144
"249","Unincorporated - East Covina, CA",249,34.097345,-117.906736,24012,24316,24316,24316,24924,25228,329,0.924012158054711,0,0,1.84802431610942,0.924012158054711,0,NA,Inf,0.5,NA
"250","Unincorporated - East La Mirada, CA",250,33.9244,-117.9889,21296,21769,22052,22147,22260,22449,5292,0.0893801965230537,0.0534769463340892,0.0179516250944822,0.0213529856386999,0.0357142857142857,0.59830866807611,0.335689045936396,1.18947368421053,1.67256637168142,-0.0509905575238881
"251","Unincorporated - East Lancaster, CA",251,34.713292,-118.15292,21930,21930,21930,21930,21930,21930,114,0,0,0,0,0,NA,NA,NA,NA,NA
"252","Unincorporated - East Los Angeles, CA",252,34.023902,-118.172016,33084,33644,33897,34204,34606,35006,125269,0.00447037974279351,0.00201965370522635,0.00245072603756716,0.0032090940296482,0.00319312838770965,0.451785714285714,1.21343873517787,1.30944625407166,0.995024875621891,-0.00757610521071703
"253","Unincorporated - East Pasadena, CA",253,34.1382,-118.0742,19850,20756,21006,21037,21443,21740,6403,0.141496173668593,0.0390441980321724,0.00484148055598938,0.063407777604248,0.0463845072622208,0.275938189845475,0.124,13.0967741935484,0.731527093596059,2.55705986924748
"254","Unincorporated - East Rancho Dominguez, CA",254,33.874815,-118.240208,26058,26483,26698,26810,27084,27391,15308,0.0277632610399791,0.0140449438202247,0.00731643585053567,0.0178991377057748,0.020054873268879,0.505882352941176,0.52093023255814,2.44642857142857,1.12043795620438,0.148419778283067
"255","Unincorporated - East Whittier, CA",255,33.963346,-118.018121,19129,19506,19714,19732,19921,20034,5306,0.0710516396532228,0.0392009046362608,0.00339238597813796,0.0356200527704486,0.0212966453071994,0.551724137931034,0.0865384615384615,10.5,0.597883597883598,1.93403654933827
"256","Unincorporated - El Camino Village, CA",256,33.8895,-118.3309,20896,21329,21454,21568,21693,21852,8791,0.0492549198043454,0.014219087703333,0.0129678079854397,0.014219087703333,0.0180866795586395,0.288683602771363,0.912,1.09649122807018,1.272,-0.107706292289615
"257","Unincorporated - El Monte, CA",257,34.078573,-118.043456,26897,26897,26897,26897,26897,27586,145,0,0,0,0,4.75172413793103,NA,NA,NA,Inf,NA
"258","Unincorporated - Elizabeth Lake, CA",258,34.6661,-118.3973,10957,11258,11379,11439,11620,11680,1661,0.181216134858519,0.0728476821192053,0.0361228175797712,0.108970499698977,0.0361228175797712,0.401993355481728,0.495867768595041,3.01666666666667,0.331491712707182,0.0615048758626544
"259","Unincorporated - Florence-Firestone, CA",259,33.974459,-118.248129,30534,31076,31251,31406,31756,32002,64705,0.00837647786106174,0.00270458233521366,0.00239548721118924,0.00540916467042732,0.00380187002550035,0.322878228782288,0.885714285714286,2.25806451612903,0.702857142857143,0.0423785433706871
"260","Unincorporated - Franklin Canyon, CA",260,34.1031,-118.4131,16667,16667,16667,16667,16667,16667,NA,NA,NA,NA,NA,NA,NA,NA,NA,NA,NA
"261","Unincorporated - Glendora, CA",261,34.119363,-117.855059,18788,19394,19394,19697,19848,20606,660,0.918181818181818,0,0.459090909090909,0.228787878787879,1.14848484848485,0,Inf,0.498349834983498,5.01986754966887,Inf
"262","Unincorporated - Hacienda Heights, CA",262,33.976114,-117.981631,19393,19776,19976,20161,20373,20617,55926,0.00684833530021815,0.00357615420376927,0.00330794263848657,0.00379072345599542,0.00436290812859851,0.522193211488251,0.925,1.14594594594595,1.15094339622642,-0.063979361584847
"263","Unincorporated - Harbor Gateway, CA",263,33.8405,-118.3024,7e+05,8e+05,8e+05,8e+05,8e+05,8e+05,NA,NA,NA,NA,NA,NA,NA,NA,NA,NA,NA
"264","Unincorporated - Hawthorne, CA",264,33.914775,-118.348083,23071,23429,23628,23628,23827,23946,2514,0.142402545743835,0.0791567223548131,0,0.0791567223548131,0.0473349244232299,0.55586592178771,0,Inf,0.597989949748744,Inf
"265","Unincorporated - Hi Vista, CA",265,34.735,-117.7773,8652,8743,8743,8925,8925,9290,1098,0.0828779599271403,0,0.165755919854281,0,0.332422586520947,0,Inf,0,Inf,Inf
"266","Unincorporated - Kagel/Lopez Canyons, CA",266,34.2866,-118.4014,39306,41643,41785,42351,42564,43059,1412,1.65509915014164,0.10056657223796,0.400849858356941,0.150849858356941,0.35056657223796,0.0607616602481814,3.98591549295775,0.376325088339223,2.32394366197183,0.686736475879245
"267","Unincorporated - La Crescenta-Montrose, CA",267,34.211341,-118.230652,25701,26302,26468,26731,27029,27292,19801,0.03035200242412,0.00838341497904146,0.0132821574667946,0.0150497449623756,0.0132821574667946,0.276206322795341,1.58433734939759,1.13307984790875,0.88255033557047,-0.0309565360819634
"268","Unincorporated - La Habra Heights, CA",268,33.960846,-117.950619,3107,3254,3254,2219,2219,2219,676,0.217455621301775,0,-1.5310650887574,0,0,0,-Inf,0,NA,NA
"269","Unincorporated - La Rambla, CA",269,33.7409,-118.3038,40096,40578,40771,40771,40964,41157,2075,0.232289156626506,0.0930120481927711,0,0.0930120481927711,0.0930120481927711,0.400414937759336,0,Inf,1,Inf
"270","Unincorporated - La Verne, CA",270,34.10084,-117.76784,23824,24363,24608,24559,24951,25196,2040,0.26421568627451,0.120098039215686,-0.0240196078431373,0.192156862745098,0.120098039215686,0.454545454545455,-0.2,-8,0.625,-2.78011363636364
"271","Unincorporated - Ladera Heights, CA",271,33.9878,-118.3704,33107,33644,33899,34267,34719,35144,7071,0.0759439966058549,0.0360627916843445,0.0520435581954462,0.0639230660444067,0.0601046528072408,0.474860335195531,1.44313725490196,1.22826086956522,0.940265486725664,0.0216309865970931
"272","Unincorporated - Lake Hughes, CA",272,34.67693,-118.44536,22455,22754,23204,23503,23802,24102,668,0.447604790419162,0.673652694610778,0.447604790419162,0.447604790419162,0.449101796407186,1.50501672240803,0.664444444444444,1,1.00334448160535,0.0432014121144556
"273","Unincorporated - Lake Los Angeles, CA",273,34.408383,-118.123597,16115,16631,16908,17023,17246,17485,12994,0.0397106356780052,0.0213175311682315,0.00885023857164845,0.0171617669693705,0.0183931045097737,0.536821705426357,0.415162454873646,1.93913043478261,1.07174887892377,-0.00928413149840543
"274","Unincorporated - Lake Manor, CA",274,34.2408,-118.637,28728,29519,29763,29945,30250,30858,1643,0.481436396835058,0.148508825319537,0.110772976262934,0.185636031649422,0.370054777845405,0.308470290771176,0.745901639344262,1.67582417582418,1.99344262295082,0.180909682222608
"275","Unincorporated - Lennox, CA",275,33.93807,-118.352575,23050,23525,23698,23889,24133,24417,22542,0.0210717771271404,0.00767456303788484,0.00847307248691332,0.0108242391979416,0.0125987046402271,0.364210526315789,1.10404624277457,1.27748691099476,1.16393442622951,-0.0225804734213428
"276","Unincorporated - Leona Valley, CA",276,34.618321,-118.288133,14163,14620,14677,14620,14849,14849,1751,0.2609937178755,0.0325528269560251,-0.0325528269560251,0.130782410051399,0,0.12472647702407,-1,-4.01754385964912,0,-2.22320434565626
"277","Unincorporated - Littlerock, CA",277,34.52279,-117.98732,19547,20045,20269,20194,20418,20592,4021,0.123849788609799,0.0557075354389455,-0.0186520765978612,0.0557075354389455,0.0432728177070381,0.449799196787149,-0.334821428571429,-2.98666666666667,0.776785714285714,-1.52372579604131
"278","Unincorporated - Littlerock/Juniper Hills, CA",278,34.4441,-117.935,19969,20200,20355,20971,21280,21280,1297,0.178103315343099,0.119506553585197,0.474942174248265,0.238242097147263,0,0.670995670995671,3.9741935483871,0.501623376623377,0,0.286703149001536
"279","Unincorporated - Littlerock/Pearblossom, CA",279,34.50638,-117.90979,17596,17988,18380,18661,19053,19333,3569,0.10983468758756,0.10983468758756,0.0787335388063884,0.10983468758756,0.0784533482768282,1,0.716836734693878,1.39501779359431,0.714285714285714,-0.0434649393565255
"280","Unincorporated - Llano, CA",280,34.50583,-117.81784,10376,10718,10718,10946,11060,11288,877,0.389965792474344,0,0.259977194982896,0.129988597491448,0.259977194982896,0,Inf,0.5,2,Inf
"281","Unincorporated - Marina del Rey, CA",281,33.979007,-118.457852,30007,31091,31368,31676,32090,32409,9411,0.115184358729147,0.0294336414833705,0.0327276591223037,0.0439910742747848,0.0338965040909574,0.255535055350553,1.11191335740072,1.34415584415584,0.770531400966184,-0.129466085531674
"282","Unincorporated - Monrovia, CA",282,34.1528,-118.000482,23989,24246,24349,24710,24890,25019,3881,0.066220046379799,0.0265395516619428,0.0930172635918578,0.0463797990208709,0.0332388559649575,0.400778210116732,3.50485436893204,0.498614958448753,0.716666666666667,0.280228551041048
"283","Unincorporated - Newhall, CA",283,34.36811,-118.489037,34091,35000,35000,35455,36818,36818,220,4.13181818181818,0,2.06818181818182,6.19545454545455,0,0,Inf,2.9956043956044,0,Inf
"284","Unincorporated - North Lancaster, CA",284,34.713292,-118.15292,19282,19866,20033,20117,20367,20534,1198,0.487479131886477,0.139398998330551,0.0701168614357262,0.208681135225376,0.139398998330551,0.285958904109589,0.502994011976048,2.97619047619048,0.668,0.108285848069028
"285","Unincorporated - North Whittier, CA",285,34.004311,-118.0441,24940,25419,25658,25885,26136,26471,8360,0.0572966507177034,0.0285885167464115,0.0271531100478469,0.0300239234449761,0.0400717703349282,0.498956158663883,0.94979079497908,1.1057268722467,1.33466135458167,-0.027716204882167
"286","Unincorporated - Northeast San Gabriel, CA",286,34.114772,-118.089431,20885,21339,21605,21826,22029,22196,24036,0.0188883341654185,0.0110667332334831,0.00919454152105176,0.00844566483607921,0.00694791146613413,0.585903083700441,0.830827067669173,0.918552036199095,0.822660098522167,-0.210514428477281
"287","Unincorporated - Palmdale, CA",287,34.408383,-118.123597,14727,15202,15439,15914,16152,16271,842,0.564133016627078,0.281472684085511,0.564133016627078,0.282660332541568,0.141330166270784,0.498947368421053,2.0042194092827,0.501052631578947,0.5,-0.123945147679325
"288","Unincorporated - Palos Verdes Peninsula, CA",288,33.77085,-118.37868,19485,19807,19968,20129,20451,20934,621,0.518518518518518,0.259259259259259,0.259259259259259,0.518518518518518,0.777777777777778,0.5,1,2,1.5,0.25
"289","Unincorporated - Pearblossom/Llano, CA",289,34.50583,-117.81784,13139,13446,13599,13650,13804,13906,1956,0.156952965235174,0.0782208588957055,0.0260736196319018,0.0787321063394683,0.0521472392638037,0.498371335504886,0.333333333333333,3.01960784313725,0.662337662337662,0.128412543578284
"290","Unincorporated - Pellissier Village, CA",290,34.0266,-118.0448,36672,37480,37964,38288,38449,38449,619,1.30533117932149,0.781906300484653,0.523424878836834,0.260096930533118,0,0.599009900990099,0.669421487603306,0.496913580246914,0,-0.55866375778992
"291","Unincorporated - Placerita Canyon, CA",291,34.378,-118.4675,5870,5870,6304,6304,6304,6522,NA,NA,NA,NA,NA,NA,NA,NA,NA,NA,NA
"292","Unincorporated - Pomona, CA",292,34.042286,-117.756106,6605,6656,6708,6811,6863,6863,1938,0.0263157894736842,0.0268317853457172,0.0531475748194014,0.0268317853457172,0,1.01960784313725,1.98076923076923,0.504854368932039,0,-0.123692139290369
"293","Unincorporated - Quartz Hill, CA",293,34.60411,-118.239005,17689,18224,18488,18650,19045,19224,12906,0.0414535874786921,0.0204556020455602,0.0125523012552301,0.0306059197272586,0.0138695180536185,0.493457943925234,0.613636363636364,2.43827160493827,0.453164556962025,-0.000367382634526403
"294","Unincorporated - Rancho Dominguez, CA",294,33.874815,-118.240208,32356,32582,32732,33033,33672,34423,2661,0.0849304772641864,0.056369785794814,0.113115370161593,0.240135287485908,0.282224727546035,0.663716814159292,2.00666666666667,2.12292358803987,1.17527386541471,0.492145233570134
"295","Unincorporated - Roosevelt, CA",295,0,0,14930,15145,15252,15575,15789,16112,931,0.23093447905478,0.114930182599356,0.346938775510204,0.229860365198711,0.346938775510204,0.497674418604651,3.01869158878505,0.662538699690402,1.50934579439252,0.422062625368156
"296","Unincorporated - Rosewood, CA",296,33.9121,-118.2373,30171,30560,30715,31026,31260,31260,1286,0.30248833592535,0.120528771384137,0.241835147744946,0.181959564541213,0,0.398457583547558,2.00645161290323,0.752411575562701,0,-0.210669806996629
"297","Unincorporated - Rosewood/East Gardena, CA",297,33.888315,-118.295256,26655,27158,27242,27158,27158,27410,1193,0.42162615255658,0.0704107292539816,-0.0704107292539816,0,0.211232187761945,0.166998011928429,-1,0,Inf,Inf
"298","Unincorporated - Rosewood/West Rancho Dominguez, CA",298,33.874815,-118.240208,27194,27819,27998,28295,28563,28741,NA,NA,NA,NA,NA,NA,NA,NA,NA,NA,NA
"299","Unincorporated - Rowland Heights, CA",299,33.9781,-117.88749,16297,16707,16869,17006,17214,17392,51022,0.00803574928462232,0.00317510093685077,0.0026851162243738,0.0040766728078084,0.00348869115283603,0.395121951219512,0.845679012345679,1.51824817518248,0.855769230769231,-0.0962954076207741
"300","Unincorporated - San Jose Hills, CA",300,34.0592,-117.8426,23298,23856,24089,23911,24292,24539,20221,0.0275950744275753,0.0115226744473567,-0.00880272983531972,0.0188417981306562,0.0122150239849661,0.417562724014337,-0.763948497854077,-2.14044943820225,0.648293963254593,-1.45963531219685
"301","Unincorporated - San Pasqual, CA",301,34.1378,-118.0988,17445,18428,18673,18722,18968,19459,2035,0.483046683046683,0.12039312039312,0.0240786240786241,0.120884520884521,0.241277641277641,0.249237029501526,0.2,5.02040816326531,1.99593495934959,0.866395038029106
"302","Unincorporated - Sand Canyon, CA",302,34.4186072,-118.4231377,25000,25000,25000,25000,25000,25325,308,0,0,0,0,1.05519480519481,NA,NA,NA,Inf,NA
"303","Unincorporated - Santa Catalina Island, CA",303,33.3879,-118.4163,261423,266667,269288,271536,276404,279401,267,19.6404494382022,9.81647940074906,8.41947565543071,18.2322097378277,11.2247191011236,0.499809305873379,0.857687905379626,2.16548042704626,0.615653245686113,0.0346577209963456
"304","Unincorporated - Santa Monica Mountains, CA",304,34.013666,-118.49375,25579,26540,26723,27082,27367,27641,18621,0.0516083991192739,0.00982761398421137,0.0192793083078245,0.0153053004672144,0.0147145695719886,0.190426638917794,1.96174863387978,0.793871866295265,0.96140350877193,-0.0231373380338075
"305","Unincorporated - Saugus, CA",305,34.411385,-118.540086,252903,259355,259355,259355,262581,262581,155,41.6258064516129,0,0,20.8129032258065,0,0,NA,Inf,0,NA
"306","Unincorporated - Saugus/Canyon Country, CA",306,34.441427,-118.448088,26966,27528,28371,28090,29213,29213,356,1.57865168539326,2.36797752808989,-0.789325842696629,3.15449438202247,0,1.5,-0.333333333333333,-3.99644128113879,0,-1.70744365361803
"307","Unincorporated - South Antelope Valley, CA",307,34.7514,-118.2523,16923,17582,17802,18681,18681,18681,455,1.44835164835165,0.483516483516484,1.93186813186813,0,0,0.333839150227618,3.99545454545455,0,NA,NA
"308","Unincorporated - South El Monte, CA",308,34.05195,-118.04673,30864,31309,31755,32033,32145,32368,1795,0.247910863509749,0.248467966573816,0.154874651810585,0.0623955431754875,0.124233983286908,1.00224719101124,0.623318385650224,0.402877697841727,1.99107142857143,0.00487867576865381
"309","Unincorporated - South San Gabriel, CA",309,34.06251,-118.090347,25622,26153,26379,26537,26820,27012,8848,0.0600135623869801,0.0255424954792043,0.0178571428571429,0.0319846292947559,0.0216998191681736,0.425612052730697,0.699115044247788,1.79113924050633,0.678445229681979,-0.101422108208302
"310","Unincorporated - South Whittier, CA",310,34.004311,-118.0441,23775,24298,24455,24591,24888,25099,59222,0.00883117760291783,0.00265104184255851,0.00229644388909527,0.00501502819898011,0.00356286515146398,0.30019120458891,0.866242038216561,2.18382352941176,0.71043771043771,0.0151736206637364
"311","Unincorporated - Southeast Antelope Valley, CA",311,34.7514,-118.2523,19590,20359,20615,20743,21127,21127,781,0.984635083226633,0.327784891165173,0.163892445582586,0.491677336747759,0,0.332899869960988,0.5,3,0,-0.0417750325097529
"312","Unincorporated - Stevenson Ranch, CA",312,34.39048,-118.57372,21807,22384,22603,22842,23114,23276,20966,0.027520747877516,0.0104454831632166,0.0113994085662501,0.0129733854812554,0.00772679576457121,0.379549393414211,1.09132420091324,1.13807531380753,0.595588235294118,-0.198865714142724
"313","Unincorporated - Sun Village, CA",313,34.5579,-117.9582,19781,20080,20345,20411,20792,20941,6036,0.0495361166335321,0.0439032471835653,0.010934393638171,0.0631212723658052,0.0246852220013254,0.88628762541806,0.249056603773585,5.77272727272727,0.391076115485564,0.82478690435112
"314","Unincorporated - Sunrise Village, CA",314,34.0484,-118.0983,26775,27083,27315,27238,27392,27701,1296,0.237654320987654,0.179012345679012,-0.0594135802469136,0.118827160493827,0.238425925925926,0.753246753246753,-0.331896551724138,-2,2.00649350649351,-0.89303907299597
"315","Unincorporated - Twin Lakes/Oat Mountain, CA",315,34.278,-118.60147,27443,28227,28347,28528,28709,29131,1658,0.472858866103739,0.0723763570566948,0.109167671893848,0.109167671893848,0.254523522316043,0.153061224489796,1.50833333333333,1,2.33149171270718,0.248221567632578
"316","Unincorporated - Val Verde, CA",316,34.445,-118.6576,67543,68389,68510,68601,68903,69024,3309,0.255666364460562,0.0365669386521608,0.0275007555152614,0.0912662435781203,0.0365669386521608,0.143026004728132,0.752066115702479,3.31868131868132,0.400662251655629,0.15360892269189
"317","Unincorporated - Valencia, CA",317,34.465755,-118.553789,21647,22461,22786,23112,23275,23503,3072,0.264973958333333,0.105794270833333,0.106119791666667,0.0530598958333333,0.07421875,0.399262899262899,1.00307692307692,0.5,1.39877300613497,-0.174721792881302
"318","Unincorporated - Valinda, CA",318,34.045288,-117.943675,24428,24941,25211,25241,25506,25977,23371,0.021950280261863,0.011552779085191,0.00128364212057678,0.0113388387317616,0.0201531812930555,0.526315789473684,0.111111111111111,8.83333333333333,1.77735849056604,1.81202968112104
"319","Unincorporated - View Park/Windsor Hills, CA",319,33.988047,-118.370361,33004,33820,34052,34422,34826,35213,11635,0.0701332187365707,0.0199398366996132,0.0318006016330039,0.034722819080361,0.0332617103566824,0.284313725490196,1.5948275862069,1.09189189189189,0.957920792079208,-0.0177615010829518
"320","Unincorporated - Walnut Park, CA",320,33.96807,-118.225072,28941,29672,29932,30050,30366,30639,16143,0.0452827851080964,0.0161060521588305,0.00730966982593074,0.0195750480084247,0.016911354766772,0.355677154582763,0.453846153846154,2.67796610169491,0.863924050632911,0.0878533651891859
"321","Unincorporated - West Antelope Valley, CA",321,34.7514,-118.2523,9001,9464,9464,9596,9795,9861,1511,0.306419589675711,0,0.0873593646591661,0.131700860357379,0.0436796823295831,0,Inf,1.50757575757576,0.331658291457286,Inf
"322","Unincorporated - West Carson, CA",322,33.821684,-118.292572,25853,26456,26641,26854,27167,27352,22086,0.0273023634881826,0.00837634700715385,0.00964411844607444,0.0141718735850765,0.00837634700715385,0.306799336650083,1.15135135135135,1.46948356807512,0.591054313099042,-0.120327857706102
"323","Unincorporated - West LA, CA",323,34.04984,-118.45238,90021,90756,91176,90546,90546,90651,952,0.772058823529412,0.441176470588235,-0.661764705882353,0,0.110294117647059,0.571428571428571,-1.5,0,Inf,Inf
"324","Unincorporated - West Puente Valley, CA",324,34.031415,-117.93647,26487,26863,27097,27168,27341,27575,9835,0.0382308083375699,0.0237925775292323,0.00721911540416879,0.0175902389425521,0.0237925775292323,0.622340425531915,0.303418803418803,2.43661971830986,1.35260115606936,0.178745025832485
"325","Unincorporated - West Rancho Dominguez, CA",325,33.874815,-118.240208,24430,25092,25092,25166,25313,25386,1359,0.487122884473878,0,0.0544518027961737,0.108167770419426,0.0537159676232524,0,Inf,1.98648648648649,0.496598639455782,Inf
"326","Unincorporated - West Whittier/Los Nietos, CA",326,33.977272,-118.066363,27038,27636,27855,28019,28357,28594,26925,0.0222098421541318,0.00813370473537605,0.00609099350046425,0.0125533890436397,0.00880222841225627,0.366220735785953,0.748858447488584,2.0609756097561,0.701183431952663,-0.0306904437541756
"327","Unincorporated - Westfield/Academy Hills, CA",327,33.7683,-118.3495,17923,18462,18538,18846,19231,19231,1300,0.414615384615385,0.0584615384615385,0.236923076923077,0.296153846153846,0,0.14100185528757,4.05263157894737,1.25,0,0.360908358558735
"328","Unincorporated - Westhills, CA",328,34.1973,-118.644,27771,28605,28844,29082,30036,30155,839,0.99404052443385,0.284862932061979,0.283671036948749,1.13706793802145,0.141835518474374,0.286570743405276,0.99581589958159,4.00840336134454,0.124737945492662,0.353881987456017
"329","Unincorporated - White Fence Farms, CA",329,33.993396,-118.465193,17622,18192,18382,18382,18735,19142,3683,0.154765137116481,0.051588379038827,0,0.0958457778984523,0.110507738256856,0.333333333333333,0,Inf,1.15297450424929,Inf
"330","Unincorporated - Whittier, CA",330,34.004311,-118.0441,20983,21512,21564,21697,22014,22252,3784,0.139799154334038,0.0137420718816068,0.0351479915433404,0.0837737843551797,0.0628964059196617,0.0982986767485822,2.55769230769231,2.38345864661654,0.750788643533123,0.447559568647639
"331","Unincorporated - Whittier Narrows, CA",331,34.004311,-118.0441,75000,150000,150000,158333,158333,158333,12,6250,0,694.416666666667,0,0,0,Inf,0,NA,NA
"332","Unincorporated - Willowbrook, CA",332,33.91613,-118.23146,31564,32071,32355,32521,32853,33131,34913,0.0145218113596655,0.00813450577148913,0.00475467590868731,0.00950935181737462,0.00796265001575344,0.560157790927022,0.584507042253521,2,0.837349397590361,-0.00449644230727395
"333","Unincorporated - Wiseburn, CA",333,33.9177,-118.3838,27012,27410,27659,27742,27991,28173,6027,0.0660361705657873,0.0413140866102539,0.013771362203418,0.0413140866102539,0.0301974448315912,0.625628140703517,0.333333333333333,3,0.730923694779117,0.172471292203992
