"","placelist...1.","coordinates[, 2]","coordinates[, 3]","df1 <- day1$persons_tested_final","df2 <- day2$persons_tested_final","df3 <- day3$persons_tested_final","df4 <- day4$persons_tested_final","df5 <- day5$persons_tested_final","df6 <- day6$persons_tested_final","(located$df2/located$df1)","(located$df3/located$df2)","(located$df4/located$df3)","(located$df5/located$df4)","(located$df6/located$df5)","averages"
"1","City of Agoura Hills, CA",34.123286,-118.758541,5597,5744,5784,5820,5881,5927,1.02626407003752,1.00696378830084,1.00622406639004,1.01048109965636,1.00782179901377,0.0115509646797055
"2","City of Alhambra, CA",34.090728,-118.127527,22162,22642,22808,23017,23214,23409,1.02165869506362,1.00733150781733,1.00916345142055,1.00855889125429,1.00840010338589,0.011022529788337
"3","City of Arcadia, CA",34.136258,-118.026704,11309,11602,11715,11859,11952,12052,1.02590856839685,1.00973970005172,1.01229193341869,1.00784214520617,1.00836680053548,0.0128298295217818
"4","City of Artesia, CA",33.865395,-118.073148,5121,5225,5268,5282,5338,5376,1.02030853348955,1.00822966507177,1.00265755504935,1.01060204468005,1.00711877107531,0.00978331387320646
"5","City of Avalon, CA",33.34281,-118.32785,67,67,67,66,66,66,1,1,0.985074626865672,1,1,-0.00298507462686568
"6","City of Azusa, CA",34.13529,-117.91506,11784,11984,12071,12140,12284,12409,1.01697216564834,1.00725967957276,1.00571617927264,1.01186161449753,1.01017583848909,0.0103970954960715
"7","City of Baldwin Park, CA",34.08529,-117.9609,19591,19929,20095,20122,20317,20456,1.01725282017253,1.00832956997341,1.00134361781538,1.00969088559785,1.00684156125412,0.00869169096265718
"8","City of Bell, CA",33.976663,-118.168903,10203,10389,10463,10519,10661,10789,1.01822993237283,1.00712291847146,1.00535219344356,1.01349938207054,1.01200637838852,0.0112421609493826
"9","City of Bell Gardens, CA",33.9653,-118.1515,11881,12157,12258,12317,12497,12616,1.02323036781416,1.00830797071646,1.00481318322728,1.01461394820167,1.00952228534848,0.0120975510616106
"10","City of Bellflower, CA",33.888014,-118.12965,21061,21485,21654,21725,21968,22184,1.02013199753098,1.00786595299046,1.00327883993719,1.01118527042578,1.00983248361253,0.0104589088993877
"11","City of Beverly Hills, CA",34.0736,-118.4004,17845,18184,18276,18387,18555,18738,1.01899691790417,1.00505939287286,1.00607353906763,1.00913689019416,1.00986257073565,0.00982586215489389
"12","City of Bradbury, CA",34.147,-117.9709,58,58,58,48,48,50,1,1,0.827586206896552,1,1.04166666666667,-0.0261494252873563
"13","City of Burbank, CA",34.200993,-118.292773,31521,32425,32681,32973,33340,33733,1.02867929316963,1.00789514263685,1.00893485511459,1.01113031874564,1.01178764247151,0.0136854504276452
"14","City of Calabasas, CA",34.12331,-118.671028,6650,6870,6918,6989,7059,7142,1.03308270676692,1.00698689956332,1.01026308181555,1.01001573901846,1.01175803938235,0.0144212933093192
"15","City of Carson, CA",33.813317,-118.261154,21580,22124,22289,22363,22641,22874,1.02520852641335,1.00745796420177,1.00332002332989,1.01243124804364,1.01029106488229,0.0117417653741895
"16","City of Cerritos, CA",33.866914,-118.068648,10589,10870,10972,11051,11177,11289,1.02653697232978,1.00938362465501,1.00720014582574,1.0114016831056,1.01002057797262,0.0129086007777504
"17","City of Claremont, CA",34.09668,-117.71978,7774,7977,8070,8155,8230,8291,1.02611268330332,1.01165851823994,1.01053283767038,1.00919681177192,1.00741190765492,0.0129825517280965
"18","City of Commerce, CA",34,-118.1598,4162,4258,4285,4312,4353,4403,1.02306583373378,1.00634100516674,1.00630105017503,1.00950834879406,1.01148633126579,0.0113405138270826
"19","City of Compton, CA",33.874815,-118.240208,27606,28062,28287,28436,28735,28964,1.01651814822865,1.00801796023092,1.00526743733871,1.01051484034323,1.00796937532626,0.00965755229355083
"20","City of Covina, CA",34.097345,-117.906736,12474,12783,12894,12917,13020,13211,1.02477152477152,1.00868340765079,1.00178377539941,1.00797398776806,1.01466973886329,0.0115764868906133
"21","City of Cudahy, CA",33.96057,-118.185349,6685,6816,6876,6914,6999,7102,1.01959611069559,1.00880281690141,1.00552646887725,1.012293896442,1.01471638805544,0.0121871361943376
"22","City of Culver City, CA",33.998214,-118.394059,13275,13690,13788,13941,14117,14228,1.03126177024482,1.00715850986121,1.01109660574413,1.01262463237931,1.0078628603811,0.0140008757221145
"23","City of Diamond Bar, CA",34.02862,-117.81034,10521,10766,10899,11024,11157,11249,1.02328675981371,1.01235370611183,1.01146894210478,1.01206458635704,1.00824594425025,0.0134839877275211
"24","City of Downey, CA",33.9401,-118.1332,33081,33746,34049,34232,34575,34794,1.02010217345304,1.00897884193682,1.00537460718376,1.01001986445431,1.00633405639913,0.0101619086854141
"25","City of Duarte, CA",34.1395,-117.9773,5621,5716,5748,5800,5853,5901,1.01690090731187,1.00559832050385,1.00904662491301,1.00913793103448,1.00820092260379,0.00977694127340079
"26","City of El Monte, CA",34.078573,-118.043456,29038,29524,29830,29964,30173,30325,1.01673668985467,1.01036444926162,1.00449212202481,1.00697503671072,1.00503761641202,0.00872118285276837
"27","City of El Segundo, CA",33.91918,-118.41647,4686,5077,5111,5154,5195,5226,1.08344003414426,1.00669686822927,1.00841322637449,1.00795498641832,1.00596727622714,0.0224944782786945
"28","City of Gardena, CA",33.888315,-118.295256,15239,15601,15720,15840,16014,16138,1.0237548395564,1.00762771617204,1.00763358778626,1.01098484848485,1.00774322467841,0.0115488433355912
"29","City of Glendale, CA",34.17051,-118.289463,50653,51883,52247,52561,53157,53778,1.024282865773,1.00701578551741,1.00600991444485,1.01133920587508,1.01168237485185,0.0120660292924399
"30","City of Glendora, CA",34.119363,-117.855059,11059,11351,11453,11501,11644,11810,1.02640383398137,1.00898599242358,1.00419104164848,1.01243370141727,1.01425626932326,0.0132541677587897
"31","City of Hawaiian Gardens, CA",33.830967,-118.072796,3244,3310,3327,3337,3368,3393,1.02034525277435,1.00513595166163,1.00300571085062,1.00928978124064,1.00742280285036,0.00903989987551834
"32","City of Hawthorne, CA",33.914775,-118.348083,21941,22400,22573,22708,22926,23115,1.02091973930085,1.00772321428571,1.0059805962876,1.0096001409195,1.00824391520544,0.010493521199822
"33","City of Hermosa Beach, CA",33.86224,-118.39952,5967,6139,6192,6255,6325,6359,1.02882520529579,1.00863332790357,1.01017441860465,1.01119104716227,1.00537549407115,0.0128398986074857
"34","City of Hidden Hills, CA",34.160283,-118.65231,600,621,624,632,640,647,1.035,1.0048309178744,1.01282051282051,1.0126582278481,1.0109375,0.015249431708602
"35","City of Huntington Park, CA",33.977987,-118.213137,16358,16679,16801,16871,17083,17292,1.01962342584668,1.00731458720547,1.00416641866556,1.01256594155652,1.01223438506117,0.0111809516670786
"36","City of Industry, CA",34.0197,-117.9587,419,433,438,457,527,561,1.03341288782816,1.01154734411085,1.04337899543379,1.15317286652079,1.06451612903226,0.0612056445851705
"37","City of Inglewood, CA",33.956526,-118.358654,29950,30634,30846,31060,31441,31760,1.02283806343907,1.00692041522491,1.0069376904623,1.01226658081133,1.01014598772304,0.011821747532129
"38","City of Irwindale, CA",34.106953,-117.935341,455,464,468,461,470,475,1.01978021978022,1.00862068965517,0.985042735042735,1.01952277657267,1.01063829787234,0.00872094378462718
"39","City of La Canada Flintridge, CA",34.222261,-118.205369,5493,5639,5686,5750,5808,5871,1.02657928272347,1.00833481113673,1.01125571579318,1.01008695652174,1.01084710743802,0.0134207747226249
"40","City of La Habra Heights, CA",33.960846,-117.950619,120,124,124,93,93,93,1.03333333333333,1,0.75,1,1,-0.0433333333333333
"41","City of La Mirada, CA",33.9172,-118.012,10142,10395,10497,10562,10686,10782,1.02494577006508,1.00981240981241,1.00619224540345,1.01174020071956,1.00898371701291,0.0123348686026818
"42","City of La Puente, CA",34.031415,-117.93647,10039,10212,10291,10322,10414,10521,1.01723279211077,1.00773599686643,1.00301234088038,1.00891300135633,1.01027463030536,0.00943375230385302
"43","City of La Verne, CA",34.10084,-117.76784,6885,7051,7123,7184,7262,7323,1.0241103848947,1.01021131754361,1.00856380738453,1.0108574610245,1.00839988983751,0.0124285721369696
"44","City of Lakewood, CA",33.8536,-118.134,19194,19686,19846,19944,20181,20368,1.02563301031572,1.00812760337296,1.00493802277537,1.01188327316486,1.00926614142015,0.0119696102098117
"45","City of Lancaster, CA",34.713292,-118.15292,33036,33947,34372,34608,35166,35584,1.02757597772127,1.01251951571567,1.00686605376469,1.01612343966713,1.01188648126031,0.0149942936258156
"46","City of Lawndale, CA",33.88856,-118.351813,7322,7455,7502,7557,7645,7689,1.01816443594646,1.00630449362844,1.00733137829912,1.01164483260553,1.00575539568345,0.009840107232601
"47","City of Lomita, CA",33.79224,-118.31507,4255,4357,4409,4430,4496,4530,1.02397179788484,1.011934817535,1.00476298480381,1.01489841986456,1.00756227758007,0.0126260595336568
"48","City of Lynwood, CA",33.924538,-118.202954,20892,21267,21435,21475,21668,21844,1.01794945433659,1.00789956270278,1.00186610683462,1.00898719441211,1.00812257707218,0.00896497907165412
"49","City of Malibu, CA",34.039034,-118.707992,3785,3856,3881,3905,3958,3994,1.01875825627477,1.00648340248963,1.00618397320278,1.01357234314981,1.00909550277918,0.0108186955792335
"50","City of Manhattan Beach, CA",33.889151,-118.402127,9617,9975,10085,10186,10284,10333,1.03722574607466,1.01102756892231,1.01001487357462,1.00962104849794,1.00476468300272,0.0145307840144484
"51","City of Maywood, CA",33.988463,-118.187376,7731,7856,7912,7944,8057,8206,1.01616867158194,1.0071283095723,1.00404448938322,1.01422457200403,1.01849323569567,0.0120118556474313
"52","City of Monrovia, CA",34.1528,-118.000482,9516,9732,9817,9917,10026,10129,1.02269861286255,1.00873407316071,1.01018641132729,1.01099122718564,1.01027328944744,0.0125767227967242
"53","City of Montebello, CA",34.00946,-118.10535,19160,19564,19721,19839,20062,20255,1.02108559498956,1.00802494377428,1.0059834693981,1.01124048591159,1.00962017744991,0.0111909343046876
"54","City of Monterey Park, CA",34.052922,-118.143465,14301,14594,14726,14864,15035,15176,1.0204880777568,1.00904481293682,1.00937118022545,1.01150430570506,1.00937811772531,0.0119572988698884
"55","City of Norwalk, CA",33.906763,-118.076549,27362,27957,28192,28276,28576,28854,1.02174548644105,1.00840576599778,1.00297956867196,1.01060970434291,1.00972844344905,0.0106937937805498
"56","City of Palmdale, CA",34.408383,-118.123597,36346,37254,37708,37985,38579,39040,1.02498211632642,1.01218661083374,1.00734592128991,1.01563775174411,1.01194950620804,0.0144203812804433
"57","City of Palos Verdes Estates, CA",33.800571,-118.390074,2497,2566,2591,2608,2632,2661,1.02763315979175,1.00974279033515,1.00656117329217,1.00920245398773,1.01101823708207,0.0128315628977728
"58","City of Paramount, CA",33.899015,-118.165152,15679,15961,16083,16154,16319,16458,1.01798584093373,1.00764363135142,1.00441459926631,1.0102141884363,1.00851767877934,0.00975518775341913
"59","City of Pico Rivera, CA",33.985812,-118.088787,17969,18311,18454,18543,18739,18924,1.01903277867438,1.00780951340724,1.00482280264441,1.01057002642507,1.00987245850899,0.0104215159320193
"60","City of Pomona, CA",34.042286,-117.756106,40350,41208,41597,41807,42237,42528,1.02126394052045,1.00943991457969,1.00504844099334,1.01028535891119,1.0068896938703,0.0105854697749941
"61","City of Rancho Palos Verdes, CA",33.753146,-118.367459,7543,7737,7826,7865,7939,7987,1.02571920986345,1.01150316660204,1.00498338870432,1.00940877304514,1.00604610152412,0.0115321279478137
"62","City of Redondo Beach, CA",33.830006,-118.387124,16186,16606,16775,16927,17130,17227,1.02594835042629,1.01017704444177,1.00906110283159,1.01199267442547,1.00566258026853,0.0125683504787332
"63","City of Rolling Hills, CA",33.756962,-118.353961,357,365,368,370,372,377,1.02240896358543,1.00821917808219,1.0054347826087,1.00540540540541,1.01344086021505,0.0109818379793561
"64","City of Rolling Hills Estates, CA",33.787794,-118.358128,1658,1689,1704,1705,1724,1740,1.01869722557298,1.0088809946714,1.00058685446009,1.01114369501466,1.0092807424594,0.00971790243570729
"65","City of Rosemead, CA",34.065493,-118.084529,11248,11458,11570,11664,11741,11848,1.01866998577525,1.00977482981323,1.00812445980985,1.00660150891632,1.00911336342731,0.0104568295483926
"66","City of San Dimas, CA",34.10668,-117.80673,8035,8265,8357,8402,8467,8550,1.02862476664592,1.01113127646703,1.0053847074309,1.00773625327303,1.00980276367072,0.0125359534975204
"67","City of San Fernando, CA",34.2819,-118.439,8318,8523,8582,8688,8798,8925,1.02464534743929,1.00692244514842,1.01235143323235,1.01266114180479,1.01443509888611,0.0142030933021911
"68","City of San Gabriel, CA",34.114772,-118.089431,9419,9590,9681,9788,9891,9948,1.0181547935025,1.00948905109489,1.0110525772131,1.01052308949734,1.00576281468001,0.0109964651975679
"69","City of San Marino, CA",34.122671,-118.112911,2863,2918,2926,2955,3003,3037,1.01921061823262,1.00274160383825,1.00991114149009,1.01624365482234,1.01132201132201,0.0118858059410607
"70","City of Santa Clarita, CA",34.440891,-118.501748,52981,54562,55146,55738,56405,56848,1.02984088635549,1.01070341996261,1.01073513944801,1.01196670135276,1.00785391366014,0.0142200121558004
"71","City of Santa Fe Springs, CA",33.927063,-118.063698,4741,4824,4864,4870,4932,4976,1.01750685509386,1.00829187396352,1.00123355263158,1.01273100616016,1.00892133008921,0.00973692358766685
"72","City of Santa Monica, CA",34.013666,-118.49375,33539,34503,34724,35062,35436,35792,1.02874265780137,1.00640524012405,1.00973390162424,1.01066681877816,1.01004628061858,0.0131189797892788
"73","City of Sierra Madre, CA",34.168771,-118.050216,2900,2953,2979,3022,3052,3078,1.01827586206897,1.00880460548595,1.01443437395099,1.00992720052945,1.00851900393185,0.0119922091934402
"74","City of Signal Hill, CA",33.803448,-118.168135,3256,3345,3370,3412,3441,3471,1.02733415233415,1.00747384155456,1.01246290801187,1.00849941383353,1.00871839581517,0.0128977423098559
"75","City of South El Monte, CA",34.05195,-118.04673,5636,5723,5783,5809,5845,5884,1.01543647977289,1.01048401188188,1.00449593636521,1.00619728008263,1.00667236954662,0.00865721552984571
"76","City of South Gate, CA",33.956062,-118.205202,29246,29834,30059,30212,30525,30844,1.02010531354715,1.00754173091104,1.00508998968695,1.0103601218059,1.01045045045045,0.0107095212802994
"77","City of South Pasadena, CA",34.108957,-118.156615,8287,8502,8568,8694,8784,8858,1.02594425003017,1.00776287932251,1.01470588235294,1.01035196687371,1.00842440801457,0.0134378773187798
"78","City of Temple City, CA",34.10723,-118.05785,7944,8099,8158,8278,8347,8409,1.01951158106747,1.00728484998148,1.01470948761951,1.0083353467021,1.00742781837786,0.0114538167496857
"79","City of Torrance, CA",33.835665,-118.353805,29117,29841,30158,30347,30668,30863,1.02486519902462,1.01062296839918,1.00626699383248,1.0105776518272,1.00635841919917,0.0117382464565306
"80","City of Vernon, CA",34.003903,-118.230073,303,305,308,310,320,332,1.00660066006601,1.00983606557377,1.00649350649351,1.03225806451613,1.0375,0.0185376593298826
"81","City of Walnut, CA",34.0203,-117.8653,5578,5772,5838,5894,5975,6054,1.03477949085694,1.01143451143451,1.00959232613909,1.01374278927723,1.01322175732218,0.0165541750059889
"82","City of West Covina, CA",34.066964,-117.937007,26410,27010,27247,27310,27540,27837,1.02271866717153,1.00877452795261,1.00231218115756,1.00842182350787,1.01078431372549,0.0106023027030115
"83","City of West Hollywood, CA",34.093828,-118.381697,15683,16139,16234,16390,16566,16695,1.02907606962954,1.00588636222814,1.00960946162375,1.01073825503356,1.00778703368345,0.0126194364396872
"84","City of Westlake Village, CA",34.137015,-118.82193,382,409,414,395,398,400,1.07068062827225,1.01222493887531,0.954106280193237,1.00759493670886,1.00502512562814,0.00992638193555901
"85","City of Whittier, CA",34.004311,-118.0441,21416,21925,22100,22240,22513,22705,1.02376727680239,1.00798175598632,1.00633484162896,1.01227517985612,1.00852840580998,0.0117774920167517
"86","Los Angeles - Adams-Normandie, CA",34.0343,-118.2993,2360,2400,2417,2436,2468,2489,1.01694915254237,1.00708333333333,1.00786098469177,1.01313628899836,1.00850891410049,0.0107077347332634
"87","Los Angeles - Alsace, CA",33.9786,-118.4156,3157,3232,3257,3294,3331,3356,1.0237567310738,1.00773514851485,1.01136014737488,1.01123254401943,1.00750525367757,0.0123179649321088
"88","Los Angeles - Angeles National Forest, CA",34.3168,-118.0058,6,6,6,6,7,7,1,1,1,1.16666666666667,1,0.0333333333333333
"89","Los Angeles - Angelino Heights, CA",34.0703,-118.2548,1200,1214,1222,1230,1242,1256,1.01166666666667,1.00658978583196,1.00654664484452,1.00975609756098,1.01127214170692,0.00916626732220891
"90","Los Angeles - Arleta, CA",34.2505,-118.4338,11593,11880,11983,12127,12313,12505,1.02475631846804,1.00867003367003,1.0120170241175,1.01533767625959,1.01559327539998,0.0152748655830288
"91","Los Angeles - Atwater Village, CA",34.1173,-118.2614,6080,6217,6256,6310,6394,6473,1.02253289473684,1.00627312208461,1.00863171355499,1.01331220285261,1.0123553331248,0.0126210532707711
"92","Los Angeles - Baldwin Hills, CA",34.0067,-118.3506,8548,8758,8818,8897,8988,9056,1.02456715021058,1.00685087919616,1.00895894760717,1.0102281667978,1.00756564307966,0.011634157378273
"93","Los Angeles - Bel Air, CA",34.1002,-118.4595,2815,2888,2900,2951,2983,3002,1.0259325044405,1.00415512465374,1.01758620689655,1.01084378176889,1.00636942675159,0.0129774089022547
"94","Los Angeles - Beverly Crest, CA",34.1013,-118.4163,4119,4272,4291,4330,4389,4437,1.03714493809177,1.00444756554307,1.00908879049173,1.01362586605081,1.01093643198906,0.015048718433288
"95","Los Angeles - Beverlywood, CA",34.0494,-118.3952,4949,5105,5135,5183,5242,5300,1.03152151949889,1.00587659157689,1.00934761441091,1.01138336870538,1.01106447920641,0.0138387146796945
"96","Los Angeles - Boyle Heights, CA",34.0298,-118.2117,29183,29720,29883,30176,30500,30949,1.01840112394202,1.00548452220727,1.00980490579928,1.01073700954401,1.01472131147541,0.0118297745935982
"97","Los Angeles - Brentwood, CA",34.0521,-118.4732,11977,12407,12485,12637,12810,12957,1.03590214577941,1.00628677359555,1.01217460953144,1.01368995805967,1.01147540983607,0.0159057793604262
"98","Los Angeles - Brookside, CA",34.0622,-118.3385,223,227,231,234,237,240,1.01793721973094,1.01762114537445,1.01298701298701,1.01282051282051,1.0126582278481,0.0148048237522036
"99","Los Angeles - Cadillac-Corning, CA",34.0423,-118.3875,1886,1931,1940,1951,1973,2007,1.02386002120891,1.00466079751424,1.00567010309278,1.01127626858022,1.01723264064876,0.0125399662089812
"100","Los Angeles - Canoga Park, CA",34.2083,-118.6059,17996,18460,18584,18803,19031,19291,1.0257835074461,1.00671722643554,1.01178433060697,1.01212572461841,1.01366192002522,0.0140145418264486
"101","Los Angeles - Carthay, CA",34.0558,-118.368,6193,6335,6387,6458,6557,6620,1.02292911351526,1.00820836621942,1.0111163300454,1.01532982347476,1.00960805246302,0.0134383371435713
"102","Los Angeles - Central, CA",34.0687,-118.3228,12089,12296,12360,12405,12528,12619,1.01712300438415,1.00520494469746,1.00364077669903,1.009915356711,1.00726372924649,0.00862956234762682
"103","Los Angeles - Century City, CA",34.0537,-118.4134,4482,4648,4676,4735,4788,4846,1.03703703703704,1.00602409638554,1.01261762189906,1.01119324181626,1.01211361737678,0.0157971229029351
"104","Los Angeles - Century Palms/Cove, CA",0,0,9719,9884,9960,10019,10093,10200,1.0169770552526,1.00768919465803,1.00592369477912,1.00738596666334,1.01060140691568,0.00971546365375424
"105","Los Angeles - Chatsworth, CA",34.2506,-118.6148,11507,11770,11853,11994,12158,12299,1.02285565308073,1.00705182667799,1.01189572260187,1.01367350341838,1.01159730218786,0.0134148015933675
"106","Los Angeles - Cheviot Hills, CA",34.0403,-118.4042,3772,3884,3916,3963,4003,4047,1.02969247083775,1.00823892893924,1.01200204290092,1.01009336361342,1.01099175618286,0.0142037124948392
"107","Los Angeles - Chinatown, CA",34.0623,-118.2383,2485,2561,2581,2606,2629,2661,1.03058350100604,1.00780944943382,1.00968616815188,1.0088257866462,1.01217192848992,0.0138153667455704
"108","Los Angeles - Cloverdale/Cochran, CA",0,0,4306,4414,4436,4479,4525,4577,1.02508128193219,1.00498414136837,1.00969341749324,1.01027014958696,1.01149171270718,0.0123041406175884
"109","Los Angeles - Country Club Park, CA",34.0503,-118.3212,4723,4833,4866,4896,4956,4993,1.02329028160068,1.00682805710739,1.00616522811344,1.01225490196078,1.00746569814366,0.0112008333851906
"110","Los Angeles - Crenshaw District, CA",34.0182,-118.3404,4537,4629,4650,4706,4750,4805,1.02027771655279,1.00453661697991,1.01204301075269,1.00934976625584,1.01157894736842,0.01155721158193
"111","Los Angeles - Crestview, CA",34.0479,-118.3804,4280,4405,4426,4480,4541,4595,1.02920560747664,1.00476730987514,1.0122006326254,1.01361607142857,1.01189165382074,0.0143362550452977
"112","Los Angeles - Del Rey, CA",33.986,-118.4249,8828,9066,9145,9240,9352,9472,1.02695967376529,1.0087138760203,1.01038819026791,1.01212121212121,1.01283147989735,0.0142028864144108
"113","Los Angeles - Downtown, CA",34.0407,-118.2468,15151,15546,15633,15783,15951,16137,1.02607088641014,1.00559629486685,1.00959508731529,1.01064436418932,1.01166071092721,0.0127134687417624
"114","Los Angeles - Eagle Rock, CA",34.1392,-118.2141,15284,15639,15737,15923,16138,16292,1.02322690395185,1.00626638531875,1.01181927940522,1.01350248068831,1.00954269426199,0.0128715487252252
"115","Los Angeles - East Hollywood, CA",34.0913,-118.2936,9056,9293,9354,9450,9559,9659,1.02617049469965,1.00656408049069,1.01026298909557,1.01153439153439,1.01046134532901,0.0129986602298627
"116","Los Angeles - Echo Park, CA",34.0782,-118.2606,7020,7191,7236,7302,7390,7473,1.02435897435897,1.00625782227785,1.00912106135987,1.01205149274171,1.01123139377537,0.0126041489027551
"117","Los Angeles - El Sereno, CA",34.0736,-118.1786,14241,14493,14562,14735,14898,15086,1.01769538655993,1.00476091906438,1.01188023623129,1.01106209704785,1.0126191435092,0.0116035564825272
"118","Los Angeles - Elysian Park, CA",34.0838,-118.2366,2229,2274,2291,2299,2314,2344,1.02018842530283,1.00747581354442,1.00349192492361,1.00652457590257,1.01296456352636,0.0101290606399566
"119","Los Angeles - Elysian Valley, CA",34.0967,-118.2427,3823,3887,3909,3955,4003,4043,1.01674077949255,1.00565989194752,1.01176771552827,1.01213653603034,1.00999250562078,0.0112594857238912
"120","Los Angeles - Encino, CA",34.1517,-118.5214,15136,15615,15735,15905,16099,16303,1.03164640591966,1.00768491834774,1.01080394026057,1.01219742219428,1.01267159450898,0.0150008562462448
"121","Los Angeles - Exposition, CA",34.0149,-118.2862,1062,1087,1094,1101,1109,1123,1.02354048964218,1.0064397424103,1.00639853747715,1.00726612170754,1.01262398557259,0.0112537753619525
"122","Los Angeles - Exposition Park, CA",34.0149,-118.2862,12023,12317,12406,12519,12640,12767,1.02445313149796,1.00722578549972,1.00910849588909,1.00966530873073,1.01004746835443,0.0121000379943847
"123","Los Angeles - Faircrest Heights, CA",34.0476,-118.371,1180,1216,1229,1248,1259,1271,1.03050847457627,1.01069078947368,1.01545972335232,1.0088141025641,1.00953137410643,0.0150008928145622
"124","Los Angeles - Figueroa Park Square, CA",33.9602,-118.284,2591,2638,2664,2675,2695,2723,1.01813971439599,1.00985595147839,1.00412912912913,1.00747663551402,1.01038961038961,0.00999820818142743
"125","Los Angeles - Florence-Firestone, CA",33.9672,-118.2436,14601,14861,14938,15027,15153,15329,1.01780699952058,1.00518134715026,1.00595795956621,1.0083849071671,1.01161486174355,0.00978921502953902
"126","Los Angeles - Glassell Park, CA",34.109,-118.2334,10968,11232,11301,11416,11544,11693,1.02407002188184,1.00614316239316,1.01017609061145,1.01121233356692,1.01290713790714,0.0129017492721025
"127","Los Angeles - Gramercy Place, CA",34.0468,-118.3127,3127,3229,3252,3306,3347,3378,1.03261912376079,1.0071229482812,1.01660516605166,1.0124016938899,1.00926202569465,0.0156021915356409
"128","Los Angeles - Granada Hills, CA",34.2794,-118.5022,17271,17722,17857,18050,18240,18428,1.02611313762955,1.00761765037806,1.01080808646469,1.01052631578947,1.01030701754386,0.0130744415611277
"129","Los Angeles - Green Meadows, CA",33.9556,-118.2694,6253,6362,6394,6435,6500,6541,1.01743163281625,1.00502986482238,1.00641226149515,1.01010101010101,1.00630769230769,0.00905649230849708
"130","Los Angeles - Hancock Park, CA",34.0723,-118.3287,6115,6264,6306,6373,6458,6536,1.02436631234669,1.00670498084291,1.01062480177609,1.0133375176526,1.01207804273769,0.0134223310711946
"131","Los Angeles - Harbor City, CA",33.79002,-118.29785,5739,5887,5941,5977,6049,6088,1.02578846488935,1.00917275352472,1.00605958592829,1.01204617701188,1.00644734666887,0.0119028656046227
"132","Los Angeles - Harbor Gateway, CA",33.8405,-118.3024,9794,10007,10075,10117,10208,10281,1.02174800898509,1.00679524332967,1.00416873449132,1.00899476129287,1.0071512539185,0.00977160040348917
"133","Los Angeles - Harbor Pines, CA",33.7824,-118.3038,457,463,466,475,484,491,1.01312910284464,1.00647948164147,1.01931330472103,1.01894736842105,1.01446280991736,0.0144664135091091
"134","Los Angeles - Harvard Heights, CA",34.0422,-118.3042,4590,4705,4725,4761,4807,4842,1.02505446623094,1.00425079702444,1.00761904761905,1.00966183574879,1.00728104847098,0.0107734390188397
"135","Los Angeles - Harvard Park, CA",33.9837,-118.3043,11775,12004,12075,12189,12320,12455,1.01944798301486,1.00591469510163,1.00944099378882,1.01074739519239,1.01095779220779,0.0113017718610987
"136","Los Angeles - Highland Park, CA",34.1155,-118.1844,16364,16756,16859,17071,17255,17468,1.02395502322171,1.00614705180234,1.01257488581766,1.01077851326812,1.01234424804405,0.0131599444307741
"137","Los Angeles - Historic Filipinotown, CA",34.0703,-118.268,4988,5109,5137,5172,5223,5285,1.02425821972735,1.00548052456449,1.00681331516449,1.00986078886311,1.01187057246793,0.0116566841574743
"138","Los Angeles - Hollywood, CA",34.0928,-118.3287,23279,23924,24064,24260,24539,24838,1.02770737574638,1.00585186423675,1.00814494680851,1.01150041220115,1.01218468560251,0.0130778569190611
"139","Los Angeles - Hollywood Hills, CA",34.1177,-118.352,11389,11752,11839,11958,12099,12244,1.03187285977698,1.00740299523485,1.01005152462201,1.01179126944305,1.01198446152575,0.014620622120528
"140","Los Angeles - Hyde Park, CA",33.9806,-118.3306,8846,9036,9099,9186,9282,9368,1.02147863441103,1.00697211155378,1.00956149027366,1.01045068582626,1.00926524455936,0.0115456333248188
"141","Los Angeles - Jefferson Park, CA",34.0272,-118.3176,2329,2375,2389,2421,2455,2487,1.01975096607986,1.00589473684211,1.01339472582671,1.01404378356051,1.01303462321792,0.0132237671054217
"142","Los Angeles - Koreatown, CA",34.0597,-118.3009,12949,13288,13376,13481,13642,13782,1.02617962777048,1.00662251655629,1.00784988038278,1.01194273421853,1.01026242486439,0.012571436758494
"143","Los Angeles - Lafayette Square, CA",34.0431,-118.3319,1362,1391,1397,1413,1423,1438,1.02129221732746,1.00431344356578,1.01145311381532,1.0070771408351,1.01054111033029,0.0109354051747898
"144","Los Angeles - Lake Balboa, CA",34.2011,-118.5011,12803,13149,13249,13372,13522,13668,1.0270249160353,1.00760514107537,1.009283719526,1.01121746933892,1.01079721934625,0.0131856930643682
"145","Los Angeles - Lakeview Terrace, CA",34.2764,-118.3612,4442,4553,4579,4626,4672,4755,1.02498874380909,1.00571052053591,1.01026424983621,1.00994379593601,1.0177654109589,0.0137345442152264
"146","Los Angeles - Leimert Park, CA",34.0107,-118.3235,4723,4815,4846,4882,4945,4998,1.01947914461148,1.00643821391485,1.00742880726372,1.01290454731667,1.01071789686552,0.0113937219944484
"147","Los Angeles - Lincoln Heights, CA",34.0737,-118.2118,11419,11624,11701,11836,11969,12126,1.01795253524827,1.00662422573985,1.01153747542945,1.01123690435958,1.01311721948367,0.0120936720521633
"148","Los Angeles - Little Armenia, CA",34.0981,-118.3005,3000,3072,3083,3094,3107,3133,1.024,1.00358072916667,1.00356795329225,1.00420168067227,1.00836820083682,0.00874371279360071
"149","Los Angeles - Little Bangladesh, CA",34.0691,-118.2969,7687,7871,7915,8022,8120,8211,1.02393651619618,1.00559014102401,1.01351863550221,1.01221640488656,1.01120689655172,0.013293718832137
"150","Los Angeles - Little Tokyo, CA",34.0523,-118.2395,2008,2050,2057,2071,2081,2102,1.02091633466135,1.00341463414634,1.0068060281964,1.00482858522453,1.01009130225853,0.00921137689743148
"151","Los Angeles - Longwood, CA",34.0368,-118.3447,1458,1484,1491,1493,1512,1529,1.01783264746228,1.00471698113208,1.00134138162307,1.01272605492297,1.01124338624339,0.00957209027675696
"152","Los Angeles - Los Feliz, CA",34.1063,-118.2848,10015,10244,10299,10373,10498,10610,1.02286570144783,1.00536899648575,1.00718516360812,1.01205051576207,1.01066869879977,0.0116278152207078
"153","Los Angeles - Manchester Square, CA",33.8993,-118.2977,2408,2469,2487,2516,2544,2574,1.02533222591362,1.00729040097205,1.01166063530358,1.01112877583466,1.01179245283019,0.01344089817082
"154","Los Angeles - Mandeville Canyon, CA",34.0965,-118.5025,1198,1243,1258,1274,1293,1313,1.03756260434057,1.01206757843926,1.0127186009539,1.0149136577708,1.01546790409899,0.0185460691207036
"155","Los Angeles - Mar Vista, CA",34.0153,-118.4338,13519,14016,14118,14339,14543,14734,1.03676307419188,1.00727739726027,1.01565377532228,1.0142269335379,1.01313346627243,0.0174109293169546
"156","Los Angeles - Marina Peninsula, CA",33.9797,-118.4657,1659,1695,1705,1731,1757,1773,1.02169981916817,1.00589970501475,1.01524926686217,1.01502021952629,1.00910643141719,0.0133950883977134
"157","Los Angeles - Melrose, CA",34.0862,-118.3078,28172,28874,29035,29310,29611,29936,1.02491835865398,1.00557595068227,1.00947132770794,1.01026953258274,1.01097565094053,0.0122421641134923
"158","Los Angeles - Mid-city, CA",34.0416,-118.3287,5414,5544,5577,5624,5675,5729,1.02401182120429,1.00595238095238,1.00842746996593,1.00906827880512,1.0095154185022,0.0113950738859842
"159","Los Angeles - Miracle Mile, CA",34.0595,-118.3491,6829,7007,7048,7107,7175,7252,1.0260653097086,1.00585129156558,1.00837116912599,1.00956803151822,1.01073170731707,0.0121175018470921
"160","Los Angeles - Mission Hills, CA",34.2723,-118.4689,8255,8479,8537,8629,8760,8870,1.02713506965475,1.00684042929591,1.01077661942134,1.01518136516398,1.01255707762557,0.0144981122323114
"161","Los Angeles - Mt. Washington, CA",34.0992,-118.2204,8532,8740,8787,8873,9025,9108,1.02437880918894,1.00537757437071,1.00978718561511,1.01713062098501,1.00919667590028,0.0131741732120092
"162","Los Angeles - North Hills, CA",34.2358,-118.4849,16758,17205,17331,17541,17781,18042,1.02667382742571,1.00732345248474,1.01211701575212,1.01368223020352,1.01467858950565,0.0148950230743491
"163","Los Angeles - North Hollywood, CA",34.187,-118.3813,45398,46652,46987,47413,48021,48620,1.0276223622186,1.00718082826031,1.00906633749761,1.01282348722924,1.0124737094188,0.0138333449249106
"164","Los Angeles - Northridge, CA",34.2381,-118.5301,20630,21172,21304,21587,21868,22102,1.02627241880756,1.00623464953712,1.01328389034923,1.01301709362116,1.0107005670386,0.0139017238707345
"165","Los Angeles - Pacific Palisades, CA",34.0356,-118.5156,7310,7574,7614,7756,7870,8012,1.03611491108071,1.00528122524426,1.01864985552929,1.0146982980918,1.01804320203304,0.0185574983958186
"166","Los Angeles - Pacoima, CA",34.2768,-118.4105,25609,26221,26389,26746,27077,27438,1.02389784841267,1.00640707829602,1.0135283640911,1.01237568234502,1.01333234848765,0.0139082643264917
"167","Los Angeles - Palisades Highlands, CA",34.0761,-118.5653,1095,1139,1148,1162,1180,1200,1.04018264840183,1.00790166812994,1.01219512195122,1.01549053356282,1.01694915254237,0.018543824917636
"168","Los Angeles - Palms, CA",34.0244,-118.4075,13986,14972,15081,15481,15707,15884,1.07049907049907,1.00728025647876,1.02652344009018,1.01459854014599,1.01126886101738,0.0260340336462753
"169","Los Angeles - Panorama City, CA",34.2276,-118.4424,21728,22248,22453,22677,22968,23303,1.0239322533137,1.00921431139878,1.00997639513651,1.01283238523614,1.01458551027517,0.0141081710720578
"170","Los Angeles - Park La Brea, CA",33.841369,-118.03234,3583,3716,3747,3799,3866,3909,1.0371197320681,1.00834230355221,1.01387776888177,1.01763622005791,1.01112260734609,0.0176197263812165
"171","Los Angeles - Pico-Union, CA",34.0443,-118.2892,11779,12054,12128,12184,12304,12407,1.02334663383988,1.00613904098225,1.00461741424802,1.00984898227183,1.00837126137841,0.0104646665440795
"172","Los Angeles - Playa Del Rey, CA",33.9564,-118.4422,977,1012,1018,1031,1046,1060,1.03582395087001,1.00592885375494,1.01277013752456,1.01454898157129,1.01338432122371,0.0164912489889017
"173","Los Angeles - Playa Vista, CA",33.9754,-118.4192,4088,4209,4255,4307,4355,4391,1.0295988258317,1.01092896174863,1.01222091656874,1.01114464824704,1.00826636050517,0.014431942580257
"174","Los Angeles - Porter Ranch, CA",34.2822,-118.5506,9281,9552,9621,9780,9904,10004,1.02919943971555,1.00722361809045,1.01652634861241,1.01267893660532,1.01009693053312,0.0151450547113691
"175","Los Angeles - Rancho Park, CA",34.0454,-118.4207,2666,2781,2797,2848,2895,2922,1.04313578394599,1.00575332614168,1.01823382195209,1.01650280898876,1.00932642487047,0.0185904331797968
"176","Los Angeles - Regent Square, CA",34.0411,-118.495,742,762,768,773,778,789,1.02695417789757,1.00787401574803,1.00651041666667,1.00646830530401,1.01413881748072,0.0123891466194005
"177","Los Angeles - Reseda, CA",34.2011,-118.5361,26210,26811,26971,27262,27569,27877,1.02293017932087,1.0059676998247,1.01078936635646,1.01126109603111,1.01117196851536,0.0124240620096985
"178","Los Angeles - Reseda Ranch, CA",34.2011,-118.5361,1478,1524,1538,1545,1561,1584,1.03112313937754,1.00918635170604,1.00455136540962,1.01035598705502,1.01473414477899,0.0139901976654402
"179","Los Angeles - Reynier Village, CA",34.0368,-118.3856,1318,1362,1371,1390,1407,1435,1.03338391502276,1.00660792951542,1.01385849744712,1.01223021582734,1.01990049751244,0.017196211065015
"180","Los Angeles - San Pedro, CA",33.7361,-118.2922,16399,16809,16930,16987,17137,17258,1.0250015244832,1.00719852459992,1.00336680448907,1.00883028198034,1.0070607457548,0.0102915762614654
"181","Los Angeles - Shadow Hills, CA",34.2575,-118.355,1315,1361,1379,1401,1421,1442,1.03498098859316,1.01322556943424,1.01595358955765,1.01427551748751,1.01477832512315,0.0186427980391415
"182","Los Angeles - Sherman Oaks, CA",34.149,-118.4514,31309,32405,32656,32997,33389,33787,1.0350059088441,1.00774571825336,1.01044218520333,1.01187986786678,1.01192009344395,0.0153987547223029
"183","Los Angeles - Silverlake, CA",34.0869,-118.2702,21741,22250,22344,22522,22742,22985,1.02341198656916,1.00422471910112,1.00796634443251,1.00976822662286,1.01068507607071,0.0112112705592704
"184","Los Angeles - South Carthay, CA",34.0561,-118.3734,3743,3867,3886,3921,3971,4029,1.03312850654555,1.00491336953711,1.00900669068451,1.01275184901811,1.01460589272224,0.0148812617015026
"185","Los Angeles - South Park, CA",34.043,-118.2641,11255,11458,11524,11519,11612,11713,1.01803642825411,1.00576016756851,0.999566122874002,1.00807361750152,1.00869789872546,0.00802684698471961
"186","Los Angeles - St Elmo Village, CA",34.0431,-118.343,1612,1631,1633,1637,1647,1671,1.01178660049628,1.00122624156959,1.00244947948561,1.00610873549175,1.01457194899818,0.00722860120828166
"187","Los Angeles - Studio City, CA",34.1396,-118.3871,9333,9608,9678,9771,9895,10006,1.02946533804779,1.00728559533722,1.00960942343459,1.01269061508546,1.01121778676099,0.0140537517332096
"188","Los Angeles - Sun Valley, CA",34.2279,-118.3813,15309,15719,15862,16076,16314,16594,1.0267816317199,1.00909727081875,1.01349136300593,1.01480467778054,1.01716317273507,0.0162676232120401
"189","Los Angeles - Sunland, CA",34.2596,-118.3083,6035,6172,6215,6272,6329,6409,1.02270091135046,1.00696694750486,1.00917135961384,1.00908801020408,1.0126402275241,0.0121134912394661
"190","Los Angeles - Sycamore Square, CA",34.0572,-118.3459,277,284,286,289,292,302,1.02527075812274,1.00704225352113,1.01048951048951,1.01038062283737,1.03424657534247,0.0174859440626433
"191","Los Angeles - Sylmar, CA",34.3058,-118.4572,27912,28555,28763,29102,29498,30012,1.02303668672972,1.00728418840833,1.01178597503737,1.01360731221222,1.0174249101634,0.0146278145102102
"192","Los Angeles - Tarzana, CA",34.1495,-118.5506,10902,11245,11364,11495,11645,11818,1.03146211704274,1.01058248110271,1.0115276311158,1.01304915180513,1.01485616144268,0.0162955085018146
"193","Los Angeles - Temple-Beaudry, CA",34.0629,-118.2513,12938,13239,13302,13417,13547,13699,1.02326480136033,1.00475866757308,1.00864531649376,1.00968920026832,1.01122019635344,0.0115156364097852
"194","Los Angeles - Thai Town, CA",34.1018,-118.3036,3162,3252,3275,3307,3329,3368,1.02846299810247,1.00707257072571,1.00977099236641,1.00665255518597,1.01171522979874,0.0127348692358588
"195","Los Angeles - Toluca Lake, CA",34.1502,-118.355,3415,3507,3533,3574,3617,3668,1.02693997071742,1.00741374394069,1.01160486838381,1.01203133743705,1.01410008294166,0.0144180006841265
"196","Los Angeles - Toluca Terrace, CA",34.1668,-118.3589,412,429,434,437,442,447,1.04126213592233,1.01165501165501,1.00691244239631,1.01144164759725,1.01131221719457,0.0165166909530959
"197","Los Angeles - Toluca Woods, CA", 34.160984,-118.359174,675,690,693,702,714,720,1.02222222222222,1.00434782608696,1.01298701298701,1.01709401709402,1.00840336134454,0.0130108879469493
"198","Los Angeles - Tujunga, CA",34.2596,-118.3083,7060,7238,7274,7338,7422,7549,1.02521246458924,1.0049737496546,1.00879846026945,1.01144726083401,1.01711129075721,0.0135086452209024
"199","Los Angeles - University Hills, CA",34.0667,-118.1682,973,990,992,1010,1020,1022,1.0174717368962,1.0020202020202,1.01814516129032,1.00990099009901,1.00196078431373,0.00989977492389147
"200","Los Angeles - University Park, CA",34.031,-118.279,8487,8649,8682,8736,8817,8882,1.01908801696713,1.00381546999653,1.0062197650311,1.00927197802198,1.00737212203697,0.0091534704107417
"201","Los Angeles - Valley Glen, CA",34.1867,-118.4138,8235,8487,8552,8611,8739,8890,1.03060109289617,1.0076587722399,1.00689897100094,1.01486470793172,1.01727886485868,0.0154604817854803
"202","Los Angeles - Valley Village, CA",34.1633,-118.3842,9265,9533,9589,9706,9835,9964,1.02892606583918,1.00587433127032,1.01220148086349,1.01329074799093,1.0131164209456,0.0146818093819058
"203","Los Angeles - Van Nuys, CA",34.1899,-118.4514,25932,26687,26936,27158,27487,27829,1.02911460743483,1.00933038558099,1.00824175824176,1.01211429413064,1.01244224542511,0.0142486581626671
"204","Los Angeles - Venice, CA",33.985,-118.4695,11892,12244,12324,12479,12608,12745,1.02959973091154,1.00653381247958,1.0125770853619,1.01033736677618,1.01086611675127,0.0139828224560935
"205","Los Angeles - Vermont Knolls, CA",33.9273,-118.2893,5127,5220,5248,5297,5357,5397,1.01813926272674,1.00536398467433,1.0093368902439,1.01132716632056,1.00746686578309,0.0103268339497238
"206","Los Angeles - Vermont Square, CA",34.0037,-118.3002,2494,2563,2576,2590,2633,2664,1.02766639935846,1.00507218103785,1.0054347826087,1.01660231660232,1.01177364223319,0.0133098643681025
"207","Los Angeles - Vermont Vista, CA",33.9455,-118.2827,11956,12240,12284,12367,12494,12602,1.0237537638006,1.00359477124183,1.00675675675676,1.01026926497938,1.00864414919161,0.0106037411940363
"208","Los Angeles - Vernon Central, CA",34.0039,-118.2301,17302,17617,17697,17777,17957,18133,1.01820598774708,1.00454106828631,1.00452054020455,1.01012544298813,1.00980119173581,0.00943884619237885
"209","Los Angeles - Victoria Park, CA",34.047,-118.3319,2091,2131,2147,2166,2195,2212,1.01912960306074,1.00750821210699,1.00884955752212,1.01338873499538,1.00774487471526,0.0113241964800995
"210","Los Angeles - View Heights, CA",33.9844,-118.3477,1051,1086,1096,1104,1121,1129,1.03330161750714,1.00920810313076,1.00729927007299,1.01539855072464,1.007136485281,0.0144688053433042
"211","Los Angeles - Watts, CA",33.9386,-118.238,12738,12925,13001,13091,13236,13352,1.0146804835924,1.00588007736944,1.00692254441966,1.01107631197006,1.00876397703234,0.00946467887677831
"212","Los Angeles - Wellington Square, CA",34.0401,-118.3339,1598,1634,1637,1661,1674,1682,1.02252816020025,1.00183598531212,1.01466096518021,1.00782661047562,1.00477897252091,0.0103261387378201
"213","Los Angeles - West Adams, CA",34.0325,-118.3627,9072,9293,9357,9428,9531,9617,1.024360670194,1.00688690412138,1.00758790210538,1.01092490453967,1.00902318749344,0.0117567136907745
"214","Los Angeles - West Hills, CA",34.1973,-118.644,12057,12399,12491,12626,12780,12936,1.02836526499129,1.00741995322203,1.01080778160275,1.01219705369872,1.01220657276995,0.0141993252569499
"215","Los Angeles - West Los Angeles, CA",34.0412,-118.4426,14169,14827,14937,15125,15333,15544,1.04643940997953,1.00741889795643,1.01258619535382,1.0137520661157,1.01376116872106,0.018791547625309
"216","Los Angeles - West Vernon, CA",34.0053,-118.2802,17348,17746,17840,17973,18147,18310,1.02294212589347,1.00529696833089,1.00745515695067,1.00968118844934,1.00898220091475,0.0108715281078263
"217","Los Angeles - Westchester, CA",33.9626,-118.3988,15423,15871,15990,16230,16408,16563,1.02904752642158,1.00749795223993,1.01500938086304,1.01096734442391,1.00944661140907,0.0143937630715055
"218","Los Angeles - Westlake, CA",34.058,-118.2731,16878,17277,17373,17516,17697,17853,1.0236402417348,1.00555652022921,1.00823116329937,1.01033340945421,1.00881505339888,0.0113152776232953
"219","Los Angeles - Westwood, CA",34.0635,-118.4455,16877,19931,20116,20868,21538,21826,1.1809563311015,1.00928202297928,1.03738317757009,1.03210657465977,1.01337171510818,0.0546199642837636
"220","Los Angeles - Wholesale District, CA",34.0419,-118.2326,27935,28405,28515,29251,29485,29667,1.01682477179166,1.0038725576483,1.02581097667894,1.00799972650508,1.00617263015092,0.0121361325549805
"221","Los Angeles - Wilmington, CA",33.784982,-118.287005,11954,12338,12413,12459,12661,12847,1.03212313869834,1.00607878100178,1.00370579231451,1.01621317922787,1.01469078271858,0.0145623347922176
"222","Los Angeles - Wilshire Center, CA",34.0654,-118.3004,13698,14060,14164,14339,14510,14672,1.02642721565192,1.00739687055477,1.01235526687376,1.01192551781854,1.01116471399035,0.0138539169778677
"223","Los Angeles - Winnetka, CA",34.2049,-118.574,15164,15576,15705,15865,16054,16280,1.02716961223951,1.00828197226502,1.01018783826807,1.01191301607312,1.01407748847639,0.0143259854644229
"224","Los Angeles - Woodland Hills, CA",34.1654,-118.609,23332,23938,24088,24356,24650,24912,1.02597291273787,1.00626618765143,1.01112587180339,1.01207094761045,1.01062880324544,0.0132129446097144
"225","Unincorporated - Acton, CA",34.48319,-118.18583,1547,1587,1601,1608,1634,1651,1.02585649644473,1.00882167611846,1.00437226733292,1.01616915422886,1.01040391676867,0.0131247021787265
"226","Unincorporated - Agua Dulce, CA",34.4964,-118.3256,822,855,861,865,879,882,1.04014598540146,1.00701754385965,1.00464576074332,1.01618497109827,1.00341296928328,0.0142814460771946
"227","Unincorporated - Altadena, CA",34.195275,-118.137227,12649,12983,13076,13245,13359,13513,1.02640524942683,1.00716321343295,1.0129244417253,1.00860702151755,1.01152780896774,0.0133255470140744
"228","Unincorporated - Anaverde, CA",34.5611,-118.14118,252,253,256,259,261,263,1.00396825396825,1.01185770750988,1.01171875,1.00772200772201,1.00766283524904,0.00858591088983704
"229","Unincorporated - Angeles National Forest, CA",34.3168,-118.0058,124,127,128,128,129,130,1.0241935483871,1.00787401574803,1,1.0078125,1.0077519379845,0.00952640042392488
"230","Unincorporated - Arcadia, CA",34.136258,-118.026704,1777,1821,1843,1870,1897,1903,1.02476083286438,1.01208127402526,1.01465002712968,1.0144385026738,1.00316288877174,0.0138187050929721
"231","Unincorporated - Athens Village, CA",33.92,-118.2812,1929,1961,1977,1994,2015,2034,1.016588906169,1.00815910249873,1.00859888720283,1.01053159478435,1.00942928039702,0.0106615542103865
"232","Unincorporated - Athens-Westmont, CA",33.952724,-118.291904,11815,12054,12136,12288,12442,12545,1.0202285230639,1.00680272108844,1.01252471984179,1.01253255208333,1.0082784118309,0.0120733855816718
"233","Unincorporated - Avocado Heights, CA",34.0361,-117.9912,1716,1745,1758,1762,1779,1800,1.01689976689977,1.00744985673352,1.00227531285552,1.00964812712826,1.01180438448567,0.00961548962054768
"234","Unincorporated - Azusa, CA",34.13529,-117.91506,3721,3792,3829,3846,3881,3918,1.01908089223327,1.00975738396624,1.00443980151476,1.00910036401456,1.00953362535429,0.0103824134166244
"235","Unincorporated - Bassett, CA",34.049732,-117.996732,4076,4133,4155,4161,4199,4251,1.0139842983317,1.00532300992015,1.0014440433213,1.00913242009132,1.01238390092879,0.00845353451865383
"236","Unincorporated - Bouquet Canyon, CA",34.440891,-118.501748,169,177,179,181,182,184,1.04733727810651,1.01129943502825,1.01117318435754,1.00552486187845,1.01098901098901,0.0172647540719527
"237","Unincorporated - Bradbury, CA",34.147,-117.9709,102,104,105,105,105,109,1.01960784313725,1.00961538461538,1,1,1.03809523809524,0.0134636931695755
"238","Unincorporated - Canyon Country, CA",34.441427,-118.448088,2125,2190,2210,2233,2265,2277,1.03058823529412,1.00913242009132,1.010407239819,1.01433049708912,1.00529801324503,0.0139512811077195
"239","Unincorporated - Castaic, CA",34.489,-118.6257,4701,4826,4884,4920,4972,5003,1.02659008721549,1.01201823456278,1.00737100737101,1.01056910569106,1.00623491552695,0.0125566700734572
"240","Unincorporated - Cerritos, CA",33.866914,-118.068648,164,168,169,167,170,172,1.02439024390244,1.00595238095238,0.988165680473373,1.01796407185629,1.01176470588235,0.00964741661336663
"241","Unincorporated - Claremont, CA",34.09668,-117.71978,168,171,172,174,174,174,1.01785714285714,1.00584795321637,1.01162790697674,1,1,0.00706660061005224
"242","Unincorporated - Covina, CA",34.097345,-117.906736,4022,4129,4156,4158,4192,4248,1.02660367976131,1.00653911358682,1.0004812319538,1.00817700817701,1.01335877862595,0.0110319624209803
"243","Unincorporated - Covina (Charter Oak), CA",34.097345,-117.906736,2929,3000,3027,3048,3074,3126,1.02424035506999,1.009,1.00693756194252,1.00853018372703,1.01691607026675,0.0131248342012589
"244","Unincorporated - Del Aire, CA",33.9161,-118.3695,1118,1154,1166,1167,1182,1193,1.03220035778175,1.0103986135182,1.0008576329331,1.01285347043702,1.0093062605753,0.0131232670490739
"245","Unincorporated - Del Rey, CA",33.986,-118.4249,202,205,205,209,211,212,1.01485148514851,1,1.01951219512195,1.00956937799043,1.00473933649289,0.00973447895075754
"246","Unincorporated - Del Sur, CA",34.689707,-118.288688,362,378,381,384,389,395,1.04419889502762,1.00793650793651,1.00787401574803,1.01302083333333,1.01542416452442,0.0176908833139837
"247","Unincorporated - Desert View Highlands, CA",34.408383,-118.123597,523,543,555,560,576,585,1.03824091778203,1.02209944751381,1.00900900900901,1.02857142857143,1.015625,0.0227091605752553
"248","Unincorporated - Duarte, CA",34.1395,-117.9773,1378,1395,1398,1404,1418,1424,1.01233671988389,1.00215053763441,1.00429184549356,1.00997150997151,1.00423131170663,0.00659638493799992
"249","Unincorporated - East Covina, CA",34.097345,-117.906736,79,80,80,80,82,83,1.0126582278481,1,1,1.025,1.01219512195122,0.00997066995986415
"250","Unincorporated - East La Mirada, CA",33.9244,-117.9889,1127,1152,1167,1172,1178,1188,1.02218278615794,1.01302083333333,1.00428449014567,1.00511945392491,1.00848896434635,0.0106193055816423
"251","Unincorporated - East Lancaster, CA",34.713292,-118.15292,25,25,25,25,25,25,1,1,1,1,1,0
"252","Unincorporated - East Los Angeles, CA",34.023902,-118.172016,41444,42145,42463,42847,43350,43852,1.01691439050285,1.00754537904852,1.00904316699244,1.01173944500198,1.01158016147636,0.01136450860443
"253","Unincorporated - East Pasadena, CA",34.1382,-118.0742,1271,1329,1345,1347,1373,1392,1.0456333595594,1.01203912716328,1.00148698884758,1.01930215293244,1.01383831026948,0.0184599877544383
"254","Unincorporated - East Rancho Dominguez, CA",33.874815,-118.240208,3989,4054,4087,4104,4146,4193,1.01629481072951,1.00814010853478,1.00415953021776,1.01023391812866,1.01133622768934,0.0100329190600089
"255","Unincorporated - East Whittier, CA",33.963346,-118.018121,1015,1035,1046,1047,1057,1063,1.01970443349754,1.01062801932367,1.00095602294455,1.00955109837631,1.00567644276254,0.00930320338092154
"256","Unincorporated - El Camino Village, CA",33.8895,-118.3309,1837,1875,1886,1896,1907,1921,1.02068590092542,1.00586666666667,1.00530222693531,1.00580168776371,1.00734137388568,0.00899957123535975
"257","Unincorporated - El Monte, CA",34.078573,-118.043456,39,39,39,39,39,40,1,1,1,1,1.02564102564103,0.00512820512820511
"258","Unincorporated - Elizabeth Lake, CA",34.6661,-118.3973,182,187,189,190,193,194,1.02747252747253,1.01069518716578,1.00529100529101,1.01578947368421,1.00518134715026,0.0128859081527556
"259","Unincorporated - Florence-Firestone, CA",33.974459,-118.248129,19757,20108,20221,20321,20548,20707,1.01776585513995,1.00561965386911,1.00494535384007,1.01117071010285,1.00773797936539,0.00944791046347246
"260","Unincorporated - Franklin Canyon, CA",34.1031,-118.4131,2,2,2,2,2,2,1,1,1,1,1,0
"261","Unincorporated - Glendora, CA",34.119363,-117.855059,124,128,128,130,131,136,1.03225806451613,1,1.015625,1.00769230769231,1.0381679389313,0.0187486622279469
"262","Unincorporated - Hacienda Heights, CA",33.976114,-117.981631,10846,11060,11172,11275,11394,11530,1.01973077632307,1.01012658227848,1.00921947726459,1.01055432372506,1.01193610672284,0.0123134532628063
"263","Unincorporated - Harbor Gateway, CA",33.8405,-118.3024,7,8,8,8,8,8,1.14285714285714,1,1,1,1,0.0285714285714286
"264","Unincorporated - Hawthorne, CA",33.914775,-118.348083,580,589,594,594,599,602,1.01551724137931,1.00848896434635,1,1.00841750841751,1.00500834724541,0.00748641227771549
"265","Unincorporated - Hi Vista, CA",34.735,-117.7773,95,96,96,98,98,102,1.01052631578947,1,1.02083333333333,1,1.04081632653061,0.0144351951306839
"266","Unincorporated - Kagel/Lopez Canyons, CA",34.2866,-118.4014,555,588,590,598,601,608,1.05945945945946,1.00340136054422,1.0135593220339,1.00501672240803,1.01164725457571,0.0186168238042619
"267","Unincorporated - La Crescenta-Montrose, CA",34.211341,-118.230652,5089,5208,5241,5293,5352,5404,1.02338376891334,1.00633640552995,1.00992177065446,1.01114679765728,1.00971599402093,0.0121009473551923
"268","Unincorporated - La Habra Heights, CA",33.960846,-117.950619,21,22,22,15,15,15,1.04761904761905,1,0.681818181818182,1,1,-0.0541125541125541
"269","Unincorporated - La Rambla, CA",33.7409,-118.3038,832,842,846,846,850,854,1.01201923076923,1.00475059382423,1,1.00472813238771,1.00470588235294,0.00524076786682137
"270","Unincorporated - La Verne, CA",34.10084,-117.76784,486,497,502,501,509,514,1.02263374485597,1.01006036217304,0.99800796812749,1.01596806387226,1.0098231827112,0.0112986643479899
"271","Unincorporated - Ladera Heights, CA",33.9878,-118.3704,2341,2379,2397,2423,2455,2485,1.01623237932507,1.00756620428752,1.01084689194827,1.01320676846884,1.0122199592668,0.0120144406593004
"272","Unincorporated - Lake Hughes, CA",34.67693,-118.44536,150,152,155,157,159,161,1.01333333333333,1.01973684210526,1.01290322580645,1.01273885350318,1.0125786163522,0.0142581742200868
"273","Unincorporated - Lake Los Angeles, CA",34.408383,-118.123597,2094,2161,2197,2212,2241,2272,1.03199617956065,1.01665895418788,1.00682749203459,1.0131103074141,1.01383311021865,0.016485208683175
"274","Unincorporated - Lake Manor, CA",34.2408,-118.637,472,485,489,492,497,507,1.02754237288136,1.00824742268041,1.00613496932515,1.01016260162602,1.02012072434608,0.0144416181718029
"275","Unincorporated - Lennox, CA",33.93807,-118.352575,5196,5303,5342,5385,5440,5504,1.02059276366436,1.00735432773902,1.008049419693,1.01021355617456,1.01176470588235,0.0115949546306567
"276","Unincorporated - Leona Valley, CA",34.618321,-118.288133,248,256,257,256,260,260,1.03225806451613,1.00390625,0.996108949416342,1.015625,1,0.00957965278649429
"277","Unincorporated - Littlerock, CA",34.52279,-117.98732,786,806,815,812,821,828,1.02544529262087,1.01116625310174,0.996319018404908,1.01108374384236,1.00852618757613,0.0105080991092002
"278","Unincorporated - Littlerock/Juniper Hills, CA",34.4441,-117.935,259,262,264,272,276,276,1.01158301158301,1.00763358778626,1.03030303030303,1.01470588235294,1,0.0128451024050485
"279","Unincorporated - Littlerock/Pearblossom, CA",34.50638,-117.90979,628,642,656,666,680,690,1.02229299363057,1.02180685358255,1.01524390243902,1.02102102102102,1.01470588235294,0.0190141306052229
"280","Unincorporated - Llano, CA",34.50583,-117.81784,91,94,94,96,97,99,1.03296703296703,1,1.02127659574468,1.01041666666667,1.02061855670103,0.0170557704158823
"281","Unincorporated - Marina del Rey, CA",33.979007,-118.457852,2824,2926,2952,2981,3020,3050,1.03611898016997,1.00888585099111,1.00982384823848,1.01308285810131,1.00993377483444,0.0155690624670627
"282","Unincorporated - Monrovia, CA",34.1528,-118.000482,931,941,945,959,966,971,1.01074113856069,1.00425079702444,1.01481481481481,1.00729927007299,1.00517598343685,0.00845640078195804
"283","Unincorporated - Newhall, CA",34.36811,-118.489037,75,77,77,78,81,81,1.02666666666667,1,1.01298701298701,1.03846153846154,1,0.0156230436230436
"284","Unincorporated - North Lancaster, CA",34.713292,-118.15292,231,238,240,241,244,246,1.03030303030303,1.00840336134454,1.00416666666667,1.01244813278008,1.00819672131148,0.0127035824811586
"285","Unincorporated - North Whittier, CA",34.004311,-118.0441,2085,2125,2145,2164,2185,2213,1.01918465227818,1.00941176470588,1.00885780885781,1.00970425138632,1.01281464530892,0.011994624507423
"286","Unincorporated - Northeast San Gabriel, CA",34.114772,-118.089431,5020,5129,5193,5246,5295,5335,1.02171314741036,1.01247806589979,1.01020604660119,1.00934044986657,1.00755429650614,0.0122584012568082
"287","Unincorporated - Palmdale, CA",34.408383,-118.123597,124,128,130,134,136,137,1.03225806451613,1.015625,1.03076923076923,1.01492537313433,1.00735294117647,0.0201861219192317
"288","Unincorporated - Palos Verdes Peninsula, CA",33.77085,-118.37868,121,123,124,125,127,130,1.01652892561983,1.00813008130081,1.00806451612903,1.016,1.02362204724409,0.0144691140587549
"289","Unincorporated - Pearblossom/Llano, CA",34.50583,-117.81784,257,263,266,267,270,272,1.02334630350195,1.01140684410646,1.00375939849624,1.01123595505618,1.00740740740741,0.0114311817136474
"290","Unincorporated - Pellissier Village, CA",34.0266,-118.0448,227,232,235,237,238,238,1.02202643171806,1.01293103448276,1.00851063829787,1.0042194092827,1,0.0095375027562786
"291","Unincorporated - Placerita Canyon, CA",34.378,-118.4675,27,27,29,29,29,30,1,1.07407407407407,1,1,1.03448275862069,0.0217113665389528
"292","Unincorporated - Pomona, CA",34.042286,-117.756106,128,129,130,132,133,133,1.0078125,1.0077519379845,1.01538461538462,1.00757575757576,1,0.00770496218897381
"293","Unincorporated - Quartz Hill, CA",34.60411,-118.239005,2283,2352,2386,2407,2458,2481,1.03022339027595,1.01445578231293,1.00880134115675,1.02118820108018,1.0093572009764,0.0168051831604424
"294","Unincorporated - Rancho Dominguez, CA",33.874815,-118.240208,861,867,871,879,896,916,1.00696864111498,1.00461361014994,1.00918484500574,1.0193401592719,1.02232142857143,0.0124857368227988
"295","Unincorporated - Roosevelt, CA",0,0,139,141,142,145,147,150,1.01438848920863,1.00709219858156,1.02112676056338,1.01379310344828,1.02040816326531,0.0153617430134311
"296","Unincorporated - Rosewood, CA",33.9121,-118.2373,388,393,395,399,402,402,1.01288659793814,1.00508905852417,1.01012658227848,1.00751879699248,1,0.00712420714665591
"297","Unincorporated - Rosewood/East Gardena, CA",33.888315,-118.295256,318,324,325,324,324,327,1.0188679245283,1.00308641975309,0.996923076923077,1,1.00925925925926,0.00562733609274491
"298","Unincorporated - Rosewood/West Rancho Dominguez, CA",33.874815,-118.240208,914,935,941,951,960,966,1.02297592997812,1.00641711229947,1.01062699256111,1.00946372239748,1.00625,0.011146751447233
"299","Unincorporated - Rowland Heights, CA",33.9781,-117.88749,8315,8524,8607,8677,8783,8874,1.02513529765484,1.00973721257626,1.00813291506913,1.01221620375706,1.01036092451326,0.0131165107141098
"300","Unincorporated - San Jose Hills, CA",34.0592,-117.8426,4711,4824,4871,4835,4912,4962,1.02398641477393,1.00974295190713,0.992609320468076,1.01592554291624,1.01017915309446,0.0104886766319678
"301","Unincorporated - San Pasqual, CA",34.1378,-118.0988,355,375,380,381,386,396,1.05633802816901,1.01333333333333,1.00263157894737,1.01312335958005,1.0259067357513,0.0222666071562127
"302","Unincorporated - Sand Canyon, CA",34.4186072,-118.4231377,77,77,77,77,77,78,1,1,1,1,1.01298701298701,0.00259740259740258
"303","Unincorporated - Santa Catalina Island, CA",33.3879,-118.4163,698,712,719,725,738,746,1.02005730659026,1.00983146067416,1.00834492350487,1.01793103448276,1.01084010840108,0.0134009667306251
"304","Unincorporated - Santa Monica Mountains, CA",34.013666,-118.49375,4763,4942,4976,5043,5096,5147,1.03758135628805,1.00687980574666,1.01346463022508,1.01050961729129,1.01000784929356,0.0156886517689308
"305","Unincorporated - Saugus, CA",34.411385,-118.540086,392,402,402,402,407,407,1.02551020408163,1,1,1.01243781094527,1,0.00758960300538125
"306","Unincorporated - Saugus/Canyon Country, CA",34.441427,-118.448088,96,98,101,100,104,104,1.02083333333333,1.03061224489796,0.99009900990099,1.04,1,0.0163089176264565
"307","Unincorporated - South Antelope Valley, CA",34.7514,-118.2523,77,80,81,85,85,85,1.03896103896104,1.0125,1.04938271604938,1,1,0.0201687510020843
"308","Unincorporated - South El Monte, CA",34.05195,-118.04673,554,562,570,575,577,581,1.014440433213,1.01423487544484,1.00877192982456,1.00347826086957,1.00693240901213,0.00957158167281888
"309","Unincorporated - South San Gabriel, CA",34.06251,-118.090347,2267,2314,2334,2348,2373,2390,1.02073224525805,1.00864304235091,1.00599828620394,1.01064735945486,1.00716392751791,0.010636972157133
"310","Unincorporated - South Whittier, CA",34.004311,-118.0441,14080,14390,14483,14563,14739,14864,1.02201704545455,1.00646282140375,1.00552371746185,1.01208542195976,1.00848090101092,0.0109139814581669
"311","Unincorporated - Southeast Antelope Valley, CA",34.7514,-118.2523,153,159,161,162,165,165,1.03921568627451,1.0125786163522,1.00621118012422,1.01851851851852,1,0.0153048002538906
"312","Unincorporated - Stevenson Ranch, CA",34.39048,-118.57372,4572,4693,4739,4789,4846,4880,1.02646544181977,1.00980183251651,1.01055074910319,1.01190227604928,1.00701609574907,0.0131472790475648
"313","Unincorporated - Sun Village, CA",34.5579,-117.9582,1194,1212,1228,1232,1255,1264,1.01507537688442,1.01320132013201,1.00325732899023,1.01866883116883,1.00717131474104,0.0114748343833061
"314","Unincorporated - Sunrise Village, CA",34.0484,-118.0983,347,351,354,353,355,359,1.01152737752161,1.00854700854701,0.997175141242938,1.0056657223796,1.0112676056338,0.00683657106499329
"315","Unincorporated - Twin Lakes/Oat Mountain, CA",34.278,-118.60147,455,468,470,473,476,483,1.02857142857143,1.0042735042735,1.0063829787234,1.00634249471459,1.01470588235294,0.0120552577271732
"316","Unincorporated - Val Verde, CA",34.445,-118.6576,2235,2263,2267,2270,2280,2284,1.01252796420582,1.00176756517897,1.00132333480371,1.00440528634361,1.00175438596491,0.00435570729940249
"317","Unincorporated - Valencia, CA",34.465755,-118.553789,665,690,700,710,715,722,1.03759398496241,1.01449275362319,1.01428571428571,1.00704225352113,1.00979020979021,0.0166409832365291
"318","Unincorporated - Valinda, CA",34.045288,-117.943675,5709,5829,5892,5899,5961,6071,1.02101944298476,1.01080802882141,1.00118805159538,1.01051025597559,1.01845327965107,0.0123958118056418
"319","Unincorporated - View Park/Windsor Hills, CA",33.988047,-118.370361,3840,3935,3962,4005,4052,4097,1.02473958333333,1.00686149936468,1.01085310449268,1.01173533083645,1.01110562685094,0.0130590289756164
"320","Unincorporated - Walnut Park, CA",33.96807,-118.225072,4672,4790,4832,4851,4902,4946,1.02525684931507,1.00876826722338,1.0039321192053,1.01051329622758,1.00897592819257,0.011489292032781
"321","Unincorporated - West Antelope Valley, CA",34.7514,-118.2523,136,143,143,145,148,149,1.05147058823529,1,1.01398601398601,1.02068965517241,1.00675675675676,0.0185806028300958
"322","Unincorporated - West Carson, CA",33.821684,-118.292572,5710,5843,5884,5931,6000,6041,1.02329246935201,1.00701694335102,1.00798776342624,1.01163378856854,1.00683333333333,0.0113528596062289
"323","Unincorporated - West LA, CA",34.04984,-118.45238,857,864,868,862,862,863,1.00816802800467,1.00462962962963,0.993087557603687,1,1.00116009280742,0.00140906160908165
"324","Unincorporated - West Puente Valley, CA",34.031415,-117.93647,2605,2642,2665,2672,2689,2712,1.01420345489443,1.00870552611658,1.00262664165103,1.0063622754491,1.00855336556341,0.00809025273491044
"325","Unincorporated - West Rancho Dominguez, CA",33.874815,-118.240208,332,341,341,342,344,345,1.02710843373494,1,1.00293255131965,1.00584795321637,1.00290697674419,0.0077591830030296
"326","Unincorporated - West Whittier/Los Nietos, CA",33.977272,-118.066363,7280,7441,7500,7544,7635,7699,1.02211538461538,1.00792904179546,1.00586666666667,1.01206256627784,1.00838244924689,0.011271221720447
"327","Unincorporated - Westfield/Academy Hills, CA",33.7683,-118.3495,233,240,241,245,250,250,1.03004291845494,1.00416666666667,1.01659751037344,1.02040816326531,1,0.0142430517520705
"328","Unincorporated - Westhills, CA",34.1973,-118.644,233,240,242,244,252,253,1.03004291845494,1.00833333333333,1.00826446280992,1.0327868852459,1.00396825396825,0.0166791707624684
"329","Unincorporated - White Fence Farms, CA",33.993396,-118.465193,649,670,677,677,690,705,1.03235747303544,1.01044776119403,1,1.0192023633678,1.02173913043478,0.0167493456064102
"330","Unincorporated - Whittier, CA",34.004311,-118.0441,794,814,816,821,833,842,1.02518891687657,1.002457002457,1.00612745098039,1.01461632155907,1.01080432172869,0.0118388027203469
"331","Unincorporated - Whittier Narrows, CA",34.004311,-118.0441,9,18,18,19,19,19,2,1,1.05555555555556,1,1,0.211111111111111
"332","Unincorporated - Willowbrook, CA",33.91613,-118.23146,11020,11197,11296,11354,11470,11567,1.01606170598911,1.00884165401447,1.00513456090652,1.01021666373084,1.00845684394071,0.00974228571633065
"333","Unincorporated - Wiseburn, CA",33.9177,-118.3838,1628,1652,1667,1672,1687,1698,1.01474201474201,1.0090799031477,1.00299940011998,1.00897129186603,1.00652045050385,0.00846261207591445
