"","day1.MODIFIED_ZCTA","day1","day2","day3","day4","day5","day6","day7","rate1","rate2","rate3","rate4","rate5","rate6","Average","Location"
"1",10001,6512,6704,6929,7272,7392,7669,7819,1.02948402948403,1.03356205250597,1.04950209265406,1.01650165016502,1.03747294372294,1.01955926457165,0.0310136721839451,"Chelsea/NoMad/West Chelsea"
"2",10002,16720,17276,17817,18629,18952,19561,19895,1.03325358851675,1.03131511924056,1.04557445136667,1.01733855816201,1.03213381173491,1.01707479167732,0.029448386783036,"Chinatown/Lower East Side"
"3",10003,14682,15204,15948,17047,17309,17929,18139,1.03555373927258,1.04893449092344,1.06891146225232,1.0153692731859,1.0358195158588,1.0117128674215,0.0360502248190893,"East Village/Gramercy/Greenwich Village"
"4",10004,794,817,845,881,904,935,950,1.02896725440806,1.03427172582619,1.04260355029586,1.0261066969353,1.03429203539823,1.01604278074866,0.0303806739353842,"Financial District"
"5",10005,2022,2090,2148,2238,2276,2365,2396,1.03363006923838,1.02775119617225,1.04189944134078,1.01697944593387,1.03910369068541,1.01310782241015,0.0287452776301398,"Financial District"
"6",10006,804,834,856,901,919,950,967,1.03731343283582,1.02637889688249,1.05257009345794,1.01997780244173,1.03373231773667,1.01789473684211,0.0313112133661275,"Financial District"
"7",10007,1961,2033,2107,2237,2304,2395,2439,1.03671596124426,1.0363994097393,1.06169909824395,1.02995082700045,1.03949652777778,1.01837160751566,0.0371055719202327,"TriBeCa"
"8",10009,15105,15620,16115,16816,17065,17730,18075,1.03409467063886,1.03169014084507,1.04349984486503,1.01480732635585,1.03896864928216,1.01945854483926,0.0304198628043713,"Alphabet City/East Village/Stuyvesant Town-Cooper Village"
"9",10010,8989,9252,9568,10038,10200,10489,10644,1.02925798197797,1.03415477734544,1.0491220735786,1.01613867304244,1.02833333333333,1.01477738583278,0.0286307041850926,"Flatiron/Gramercy/Kips Bay"
"10",10011,13264,13688,14132,14785,15015,15562,15817,1.03196622436671,1.03243717124489,1.04620718935749,1.01555630706797,1.03643023643024,1.01638606862871,0.0298305328493336,"Chelsea"
"11",10012,6167,6467,6772,7195,7324,7517,7632,1.0486460191341,1.04716251739601,1.06246308328411,1.01792911744267,1.02635172037138,1.01529865637887,0.0363085190011911,"Greenwich Village/SoHo"
"12",10013,8053,8363,8655,9138,9329,9758,9993,1.03849497081833,1.03491570010762,1.05580589254766,1.02090172904355,1.04598563618823,1.02408280385325,0.0366977887597733,"Hudson Square/Little Italy/SoHo/TriBeCa"
"13",10014,8832,9087,9357,9732,9882,10228,10376,1.0288722826087,1.02971277649389,1.04007694773966,1.0154130702836,1.03501315523173,1.01447008212749,0.0272597190808461,"Hudson Square/Meatpacking District/West Village"
"14",10016,14341,14787,15182,15773,16056,16590,16869,1.03109964437626,1.02671265300602,1.03892767751284,1.01794205287517,1.03325859491779,1.01681735985533,0.027459663757236,"Kips Bay/Murray Hill/NoMad"
"15",10017,3936,4040,4139,4326,4398,4526,4622,1.02642276422764,1.02450495049505,1.04517999516792,1.01664355062413,1.02910413824466,1.02121078214759,0.0271776968178314,"East Midtown/Murray Hill"
"16",10018,2262,2342,2409,2513,2551,2657,2704,1.03536693191866,1.02860802732707,1.04317144043171,1.01512136888181,1.04155233241866,1.01768912307113,0.030251537341508,"Hell's Kitchen/Midtown Manhattan"
"17",10019,12381,12697,13056,13650,13857,14274,14529,1.02552297875777,1.0282743955265,1.04549632352941,1.01516483516484,1.03009309374323,1.01786464901219,0.0270693792889913,"Hell's Kitchen/Midtown Manhattan"
"18",10021,12337,12723,13022,13470,13656,14008,14250,1.03128799546081,1.02350074667924,1.03440331746276,1.01380846325167,1.02577621558289,1.01727584237579,0.0243420968021928,"Lenox Hill/Upper East Side"
"19",10022,8012,8222,8423,8772,8923,9202,9399,1.02621068397404,1.02444660666505,1.04143416834857,1.0172138622891,1.03126751092682,1.02140838948055,0.0269968702806869,"East Midtown"
"20",10023,14807,15280,15710,16405,16653,17152,17460,1.03194435064497,1.02814136125654,1.04423933800127,1.0151173422737,1.02996457094818,1.01795708955224,0.0278940087794828,"Lincoln Square"
"21",10024,15734,16338,16793,17504,17781,18428,18753,1.03838820388967,1.02784918594687,1.04233906985053,1.01582495429616,1.03638715482819,1.01763620577382,0.0297374624308735,"Upper West Side"
"22",10025,26891,27968,29044,30781,31188,32473,32984,1.04005057454167,1.03847254004577,1.05980581187164,1.01322244241578,1.04120174426061,1.01573615003233,0.0347482105279668,"Manhattan Valley/Morningside Heights/Upper West Side"
"23",10026,8861,9143,9433,9818,10009,10325,10495,1.03182485046834,1.03171825440227,1.04081416304463,1.01945406396415,1.03157158557298,1.01646489104116,0.0286413014155906,"Central Harlem (South)"
"24",10027,14909,15673,16385,17719,17688,18497,18827,1.05124421490375,1.04542844382058,1.08141592920354,0.998250465601896,1.04573722297603,1.01784073092934,0.0399861679058562,"Central Harlem (South)/Morningside Heights/West Harlem"
"25",10028,11419,11730,12020,12439,12641,12994,13227,1.02723530957177,1.02472293265132,1.03485856905158,1.01623924752794,1.02792500593307,1.01793135293212,0.024818736277967,"Upper East Side/Yorkville"
"26",10029,19907,20386,20808,21426,21745,22221,22520,1.02406188777817,1.02070048072206,1.02970011534025,1.01488845328106,1.02189008967579,1.0134557400657,0.020782794477173,"East Harlem"
"27",10030,6140,6287,6421,6645,6786,7005,7150,1.02394136807818,1.02131382217274,1.03488553184862,1.02121896162528,1.03227232537577,1.02069950035689,0.0257219182429131,"Central Harlem (North)"
"28",10031,14464,14812,15089,15557,15733,16109,16333,1.02405973451327,1.01870105320011,1.03101597190006,1.01131323519959,1.0238988114155,1.01390527034577,0.020482346095716,"Hamilton Heights/West Harlem"
"29",10032,15123,15611,15949,16517,16724,17125,17399,1.03226872974939,1.02165139965409,1.03561351808891,1.01253254222922,1.02397751734035,1.016,0.0236739511769923,"Washington Heights (South)"
"30",10033,13809,14154,14432,14959,15181,15558,15802,1.02498370627851,1.01964109085771,1.03651607538803,1.01484056420884,1.02483367367104,1.01568324977504,0.0227497266965262,"Washington Heights (North)/Washington Heights (South)"
"31",10034,9342,9596,9812,10128,10252,10472,10613,1.02718903874973,1.02250937890788,1.03220546269874,1.01224328593997,1.02145922746781,1.01346447669977,0.021511811743983,"Inwood/Washington Heights (North)"
"32",10035,9542,9737,9929,10218,10469,10803,11018,1.02043596730245,1.01971859915785,1.02910665726659,1.02456449403014,1.03190371573216,1.01990187910766,0.0242718854328094,"East Harlem"
"33",10036,7991,8202,8430,8817,8977,9202,9338,1.02640470529346,1.02779809802487,1.04590747330961,1.01814676193717,1.02506405257881,1.01477939578353,0.0263500811545734,"Hell's Kitchen/Midtown Manhattan"
"34",10037,5327,5427,5526,5688,5766,5911,5993,1.01877229209686,1.01824212271973,1.02931596091205,1.01371308016878,1.02514741588623,1.0138724412113,0.0198438854991598,"Central Harlem (North)/East Harlem"
"35",10038,4857,5025,5331,5546,5645,5857,6042,1.03458925262508,1.06089552238806,1.04033014443819,1.01785070320952,1.03755535872453,1.03158613624723,0.0371345196054349,"Chinatown/Financial District"
"36",10039,5761,5899,5997,6162,6244,6423,6527,1.02395417462246,1.01661298525174,1.02751375687844,1.01330736773775,1.02866752081999,1.01619181068037,0.0210412693317901,"Central Harlem (North)/Washington Heights (South)"
"37",10040,11339,11595,11850,12177,12322,12658,12858,1.02257694682071,1.02199223803364,1.02759493670886,1.01190769483452,1.02726830060055,1.01580028440512,0.0211900669005665,"Washington Heights (North)"
"38",10044,2797,2912,3001,3076,3121,3194,3234,1.04111548087236,1.03056318681319,1.02499166944352,1.01462938881664,1.02338993912208,1.01252348152786,0.0245355244326091,"Roosevelt Island"
"39",10065,8358,8593,8809,9161,9304,9589,9755,1.02811677434793,1.02513673920633,1.03995913270519,1.01560964960157,1.03063198624248,1.01731150276358,0.02612763081118,"Lenox Hill/Upper East Side"
"40",10069,1674,1774,1843,1961,1990,2063,2103,1.05973715651135,1.03889515219842,1.06402604449268,1.01478837327894,1.03668341708543,1.01938923897237,0.0389198970898639,"Lincoln Square"
"41",10075,7067,7316,7494,7731,7856,8097,8208,1.03523418706665,1.02433023510115,1.03162530024019,1.01616867158194,1.03067718940937,1.01370878103001,0.025290727404885,"Lenox Hill/Upper East Side"
"42",10128,15692,16133,16527,17232,17540,18028,18323,1.02810349222534,1.02442199218992,1.04265746959521,1.01787372330548,1.02782212086659,1.0163634346572,0.0262070388066227,"Upper East Side/Yorkville"
"43",10280,1705,1757,1817,1911,1958,2017,2071,1.03049853372434,1.03414911781446,1.05173362685746,1.02459445316588,1.03013278855975,1.02677243430838,0.0329801590717116,"Battery Park City"
"44",10282,1081,1112,1147,1225,1256,1300,1316,1.02867715078631,1.03147482014388,1.06800348735833,1.02530612244898,1.03503184713376,1.01230769230769,0.0334668533631584,"Battery Park City"
"45",10301,9719,9891,10103,10371,10591,10788,10974,1.01769729396028,1.02143362652917,1.02652677422548,1.02121299778228,1.01860069870645,1.01724137931034,0.020452128419,"Silver Lake/St. George"
"46",10302,3991,4069,4152,4342,4446,4571,4635,1.01954397394137,1.02039813221922,1.04576107899807,1.02395209580838,1.02811515969411,1.01400131262306,0.0252952922140348,"Elm Park"
"47",10303,6140,6226,6322,6512,6607,6749,6822,1.01400651465798,1.0154192097655,1.03005378044922,1.01458845208845,1.02149235659149,1.010816417247,0.0177294551332752,"Graniteville/Mariner's Harbor/Port Ivory"
"48",10304,10522,10760,10944,11264,11453,11686,11868,1.0226192739023,1.01710037174721,1.02923976608187,1.01677911931818,1.02034401466865,1.01557419134007,0.0202761228430459,"New Dorp/Todt Hill"
"49",10305,9324,9483,9651,9962,10117,10346,10502,1.01705276705277,1.01771591268586,1.03222463993369,1.01555912467376,1.02263516852822,1.01507829112701,0.0200443173335496,"Arrochar/Midland Beach/Shore Acres/South Beach Ocean Breeze"
"50",10306,12542,12820,13081,13545,13806,14155,14422,1.0221655238399,1.02035881435257,1.03547129424356,1.01926910299003,1.02527886426192,1.01886259272342,0.0235676987352331,"Lighthouse Hill/Midland Beach/New Dorp/Oakwood"
"51",10307,2991,3050,3102,3216,3274,3369,3415,1.01972584419926,1.01704918032787,1.03675048355899,1.01803482587065,1.02901649358583,1.01365390323538,0.0223717884629973,"Tottenville"
"52",10308,5802,5921,6013,6235,6398,6523,6638,1.02051016890727,1.01553791589259,1.03692000665225,1.0261427425822,1.01953735542357,1.01762992488119,0.0227130190565115,"Great Kills"
"53",10309,7044,7193,7323,7577,7746,7938,8066,1.02115275411698,1.01807312665091,1.03468523829032,1.0223043420879,1.02478698683191,1.01612496850592,0.0228545694139899,"Charleston/Prince's Bay/Woodrow"
"54",10310,5647,5776,5892,6101,6242,6421,6513,1.02284398795821,1.02008310249307,1.03547182620502,1.02311096541551,1.02867670618392,1.01432798629497,0.0240857624251163,"Port Richmond/Randall Manor/West Brighton"
"55",10312,12779,13046,13274,13808,14115,14435,14687,1.02089365365052,1.01747662118657,1.04022901913515,1.02223348783314,1.02267091746369,1.01745756841011,0.0234935446131981,"Annadale/Rossville"
"56",10314,20835,21252,21646,22371,22832,23370,23747,1.02001439884809,1.01853943158291,1.03349348609443,1.02060703589469,1.02356341976174,1.01613179289688,0.022058260846455,"Bloomfield/Freshkills Park"
"57",10451,12613,12875,13091,13467,13679,13930,14106,1.02077221913898,1.01677669902913,1.02872202276373,1.01574218459939,1.01834929453907,1.01263460157933,0.0188328369416053,"Concourse/Melrose"
"58",10452,18790,19266,19625,20163,20422,20942,21232,1.02533262373603,1.01863386276342,1.02741401273885,1.01284531071765,1.02546273626481,1.01384777003152,0.0205893860420467,"Concourse/Highbridge"
"59",10453,17830,18291,18610,19180,19471,19991,20281,1.02585530005609,1.01744027117161,1.0306286942504,1.01517205422315,1.02670638385291,1.01450652793757,0.0217182052486222,"Morris Heights/Mount Hope/University Heights"
"60",10454,8958,9146,9311,9591,9705,9911,10028,1.02098682741683,1.01804067351848,1.03007195789926,1.01188614325931,1.02122617207625,1.0118050650792,0.0190028065415553,"Mott Haven/Port Morris"
"61",10455,10119,10320,10487,10755,10889,11139,11280,1.01986362288764,1.01618217054264,1.02555544960427,1.01245932124593,1.02295894939848,1.0126582278481,0.0182796235878424,"Mott Haven"
"62",10456,20786,21258,21732,22382,22730,23361,23678,1.02270759164822,1.02229748800452,1.02990981041782,1.01554820838174,1.02776066871975,1.01356962458799,0.0219655652933393,"Claremont/Morrisania"
"63",10457,17652,18076,18409,18922,19198,19624,19865,1.02401994108316,1.01842221730471,1.02786680428052,1.01458619596237,1.02218981143869,1.01228088055442,0.0198943084373131,"Belmont/Claremont/Mount Hope/Tremont"
"64",10458,17023,17391,17787,18328,18592,19159,19494,1.02161781119662,1.02277039848197,1.03041547197391,1.01440419030991,1.03049698795181,1.01748525497155,0.0228650191476287,"Belmont/Fordham University/Kingsbridge"
"65",10459,11889,12201,12460,12877,13112,13451,13635,1.0262427453949,1.02122776821572,1.03346709470305,1.01824959229634,1.02585417937767,1.0136792803509,0.0231201100564313,"Charlotte Gardens/Hunts Point"
"66",10460,13108,13375,13647,14040,14262,14623,14812,1.02036924015868,1.02033644859813,1.02879753792042,1.01581196581197,1.0253120179498,1.01292484442317,0.0205920091436944,"Charlotte Gardens/Tremont/Van Nest/West Farms"
"67",10461,13394,13619,13909,14348,14557,14879,15112,1.01679856652232,1.02129378074749,1.0315622977928,1.01456649010315,1.0221199422958,1.01565965454668,0.0203334553347057,"Morris Park/Pelham Bay/Westchester Square"
"68",10462,18039,18427,18791,19356,19704,20171,20464,1.02150895282444,1.01975362240191,1.03006758554627,1.01797892126472,1.02370077141697,1.01452580437261,0.0212559429711545,"Parkchester/Pelham Parkway/Van Nest/Westchester Square"
"69",10463,18616,19115,19521,20214,20671,21103,21431,1.0268048990116,1.02123986398117,1.03550023052098,1.02260809340061,1.02089884379082,1.01554281381794,0.0237657907538531,"Kingsbridge/Marble Hill/Riverdale/Spuyten Duyvil"
"70",10464,1113,1129,1147,1178,1189,1215,1230,1.01437556154537,1.01594331266608,1.02702702702703,1.00933786078098,1.02186711522288,1.01234567901235,0.0168160927091139,"City Island"
"71",10465,11073,11325,11500,11863,12060,12296,12513,1.0227580601463,1.01545253863135,1.0315652173913,1.01660625474163,1.0195688225539,1.01764801561483,0.0205998181798863,"Country Club/Throgs Neck"
"72",10466,15921,16276,16554,16966,17257,17678,17921,1.02229759437221,1.01708036372573,1.02488824453304,1.01715195096074,1.02439589731703,1.01374589885734,0.01992665829435,"Edenwald/Wakefield"
"73",10467,25276,25807,26341,27066,27655,28282,28668,1.02100807089729,1.02069206029372,1.0275236323602,1.02176161974433,1.02267221117339,1.01364825684181,0.0212176418851224,"Allerton/Norwood/Pelham Parkway/Williamsbridge"
"74",10468,20488,20861,21252,21780,22077,22534,22815,1.01820577899258,1.01874310915105,1.02484472049689,1.01363636363636,1.02070027630566,1.01247004526493,0.0181000489745795,"Fordham/Kingsbridge/University Heights"
"75",10469,19117,19502,19929,20442,20726,21143,21404,1.020139143171,1.0218951902369,1.02574138190577,1.01389296546326,1.02011965647013,1.01234451118574,0.0190221414054659,"Allerton/Baychester/Pelham Gardens/Williamsbridge"
"76",10470,3206,3283,3362,3482,3541,3649,3711,1.02401746724891,1.02406335668596,1.03569303985723,1.01694428489374,1.03049985879695,1.01699095642642,0.0247014939848669,"Wakefield/Woodlawn"
"77",10471,7112,7278,7450,7734,7853,8009,8083,1.02334083239595,1.02363286617203,1.03812080536913,1.01538660460305,1.01986501973768,1.00923960544388,0.0215976222869518,"Fieldston/North Riverdale/Riverdale"
"78",10472,13650,13998,14310,14916,15251,15718,16052,1.02549450549451,1.02228889841406,1.04234800838574,1.02245910431751,1.03062094288899,1.02124952284006,0.0274101637234778,"Soundview"
"79",10473,14512,14788,15087,15535,15790,16153,16409,1.01901874310915,1.02021909656478,1.02969443892093,1.0164145477953,1.02298923369221,1.01584844920448,0.0206974182144752,"Castle Hill/Clason Point/Soundview"
"80",10474,2549,2604,2656,2721,2776,2837,2880,1.02157708905453,1.01996927803379,1.02447289156627,1.0202131569276,1.02197406340058,1.01515685583363,0.0205605558027324,"Hunts Point"
"81",10475,11605,11895,12220,12500,12708,12998,13176,1.0249892287807,1.02732240437158,1.02291325695581,1.01664,1.02282027069562,1.01369441452531,0.0213965958881714,"Co-op City/Edenwald"
"82",11004,5334,5450,5551,5701,5768,5919,5996,1.0217472815898,1.01853211009174,1.0270221581697,1.01175232415366,1.02617891816921,1.01300895421524,0.0197069577315583,"Bellerose/Douglaston-Little Neck"
"83",11101,10825,11173,11509,11981,12181,12569,12762,1.03214780600462,1.03007249619619,1.04101138239639,1.01669309740422,1.03185288564157,1.01535523908028,0.0278554844538774,"Astoria (South)/Long Island City/Sunnyside"
"84",11102,8210,8400,8572,8859,8993,9247,9377,1.0231425091352,1.02047619047619,1.03348110125992,1.01512586070663,1.0282441899255,1.01405861360441,0.0224214108513072,"Astoria (North)"
"85",11103,8986,9224,9389,9757,9903,10168,10315,1.02648564433563,1.01788811795317,1.03919480242837,1.01496361586553,1.02675956780774,1.01445712037766,0.0232914781280158,"Astoria (North)/Astoria (South)"
"86",11104,6423,6559,6683,6929,7022,7211,7306,1.02117390627433,1.01890532093307,1.03680981595092,1.01342185019483,1.02691540871547,1.01317431701567,0.0217334365140476,"Sunnyside"
"87",11105,8314,8554,8739,9032,9186,9428,9461,1.02886697137359,1.02162730886135,1.03352786359995,1.01705048715678,1.02634443718702,1.00350021213407,0.0218195467187936,"Ditmars Steinway"
"88",11106,9035,9242,9422,9716,9885,10159,10297,1.02291090204759,1.01947630383034,1.03120356612184,1.01739398929601,1.02771876580678,1.01358401417462,0.0220479235461972,"Astoria (South)"
"89",11109,1516,1555,1596,1651,1688,1736,1756,1.02572559366755,1.02636655948553,1.03446115288221,1.02241066020594,1.02843601895735,1.01152073732719,0.0248201204209588,"Long Island City"
"90",11201,18317,18868,19369,20125,20480,21060,21444,1.03008134519845,1.02655289378842,1.03903144199494,1.0176397515528,1.0283203125,1.01823361823362,0.0266432272113715,"Brooklyn Heights/DUMBO/Downtown Brooklyn"
"91",11203,15058,15402,15723,16178,16439,16800,17059,1.0228449993359,1.02084144916245,1.02893849774216,1.01613302015082,1.02195997323438,1.01541666666667,0.0210224343820631,"East Flatbush (North)/East Flatbush (South)"
"92",11204,14839,15128,15459,15905,16159,16451,16696,1.0194757059101,1.02187995769434,1.02885050779481,1.01596982081107,1.01807042515007,1.01489271168926,0.0198565215082751,"Bensonhurst/Mapleton"
"93",11205,10138,10441,10750,11021,11175,11480,11637,1.02988755178536,1.02959486639211,1.02520930232558,1.01397332365484,1.02729306487696,1.01367595818815,0.0232723445371672,"Bedford-Stuyvesant (West)/Clinton Hill/Fort Greene"
"94",11206,19715,20188,20672,21315,21600,22110,22374,1.02399188435202,1.02397463839905,1.03110487616099,1.01337086558761,1.02361111111111,1.01194029850746,0.0213322790197072,"Williamsburg (South)"
"95",11207,18455,18964,19397,20001,20309,20831,21130,1.02758060146302,1.02283273570977,1.03113883590246,1.0153992300385,1.02570289034418,1.01435360760405,0.0228346501769958,"Cypress Hills/East New York"
"96",11208,18587,19030,19399,19914,20164,20733,21037,1.02383386237693,1.01939043615344,1.02654776019382,1.01255398212313,1.02821860741916,1.01466261515458,0.0208678772368456,"Cypress Hills/East New York"
"97",11209,14972,15341,15646,16251,16602,17093,17369,1.02464600587764,1.01988136366599,1.03866803016745,1.02159867085102,1.02957475003012,1.01614696074416,0.0250859635560654,"Bay Ridge/Fort Hamilton"
"98",11210,13070,13394,13660,14090,14290,14628,14869,1.0247895944912,1.01985963864417,1.03147877013177,1.01419446415898,1.02365290412876,1.01647525293957,0.0217417707490748,"Flatlands/Midwood"
"99",11211,26446,27092,27792,28642,29070,29783,30212,1.0244271345383,1.02583788572272,1.0305843408175,1.0149430905663,1.02452700378397,1.01440419030991,0.0224539409564513,"East Williamsburg/Williamsburg (North)/Williamsburg (South)"
"100",11212,15184,15508,15841,16320,16547,17017,17260,1.02133825079031,1.02147278823833,1.03023799002588,1.01390931372549,1.02840394029129,1.01427983780925,0.021607020146758,"Ocean Hill-Brownsville"
"101",11213,13740,14116,14418,14866,15095,15667,16001,1.027365356623,1.02139416265231,1.03107227077265,1.01540427821875,1.03789334216628,1.02131869534691,0.025741350963316,"Crown Heights (East)"
"102",11214,15992,16357,16699,17289,17641,18070,18372,1.02282391195598,1.02090847955004,1.03533145697347,1.02035976632541,1.02431834929993,1.01671278361926,0.0234091246206805,"Bath Beach/Bensonhurst/Gravesend"
"103",11215,16923,17395,17836,18592,18973,19592,19962,1.02789103586834,1.02535211267606,1.04238618524333,1.02049268502582,1.03262530965056,1.01888525928951,0.0279387646256015,"Gowanus/Park Slope/Windsor Terrace"
"104",11216,13371,13730,14036,14530,14752,15129,15348,1.02684915114801,1.02228696285506,1.0351952123112,1.01527873365451,1.02555585683297,1.01447551060876,0.0232735712350856,"Bedford-Stuyvesant (West)/Crown Heights (West)"
"105",11217,11753,12081,12384,12828,13015,13398,13625,1.02790776822939,1.02508070523963,1.03585271317829,1.01457748674774,1.02942758355743,1.01694282728765,0.0249648473733572,"Boerum Hill/Park Slope"
"106",11218,16324,16680,17030,17561,17913,18431,18690,1.02180838029895,1.02098321342926,1.03118027011157,1.02004441660498,1.02891754591637,1.01405241169768,0.0228310396764675,"Kensington/Windsor Terrace"
"107",11219,20343,20633,21048,21440,21678,22063,22363,1.01425551786855,1.02011341055591,1.01862409730141,1.01110074626866,1.01775994095396,1.0135974255541,0.0159085230837634,"Borough Park"
"108",11220,17939,18455,18949,19571,19915,20374,20649,1.02876414515859,1.02676781360065,1.03282495118476,1.01757702723417,1.02304795380367,1.01349759497399,0.0237465809926378,"Sunset Park"
"109",11221,17881,18383,18771,19472,19745,20276,20562,1.02807449247805,1.02110645705271,1.03734484044537,1.01402013147083,1.0268928842745,1.01410534622213,0.0235906919905988,"Bedford-Stuyvesant (East)/Bushwick"
"110",11222,10923,11154,11398,11747,11914,12241,12432,1.02114803625378,1.0218755603371,1.03061940691349,1.01421639567549,1.02744670135974,1.01560330038396,0.0218182334872601,"Greenpoint"
"111",11223,14583,14948,15340,15978,16235,16643,16953,1.02502914352328,1.02622424404603,1.04159061277705,1.01608461634748,1.02513089005236,1.01862644955837,0.0254476593840944,"Gravesend/Homecrest"
"112",11224,9975,10184,10395,11042,11232,11461,11631,1.02095238095238,1.02071877454831,1.06224146224146,1.01720702771237,1.02038817663818,1.0148329116133,0.0260567889509999,"Brighton Beach/Coney Island/Seagate"
"113",11225,12998,13377,13665,14126,14320,14725,14994,1.02915833205108,1.02152949091725,1.03373582144164,1.01373354098825,1.02828212290503,1.01826825127334,0.0241179265960985,"Crown Heights (West)/Prospect Lefferts Gardens"
"114",11226,21176,21689,22136,22805,23127,23707,24053,1.0242255383453,1.02060952556596,1.03022226237803,1.01411971058978,1.02507891209409,1.01459484540431,0.0214751323962437,"Flatbush/Prospect Lefferts Gardens"
"115",11228,7589,7771,7950,8313,8523,8737,8862,1.02398207932534,1.02303435851242,1.04566037735849,1.02526163839769,1.02510852986038,1.01430697035596,0.0262256589683789,"Bath Beach/Dyker Heights"
"116",11229,14908,15244,15635,16401,16766,17208,17558,1.02253823450496,1.02564943584361,1.04899264470739,1.0222547405646,1.02636287725158,1.02033937703394,0.0276895516510132,"Gerritsen Beach/Homecrest/Sheepshead Bay"
"117",11230,20150,20584,21046,21824,22215,22874,23215,1.02153846153846,1.02244461717839,1.03696664449302,1.01791605571847,1.02966464100833,1.0149077555303,0.0239063625778277,"Midwood"
"118",11231,9377,9581,9770,10174,10414,10775,10961,1.02175535885678,1.0197265421146,1.04135107471853,1.02358954196973,1.0346648742078,1.01726218097448,0.0263915954736511,"Carroll Gardens/Cobble Hill/Red Hook"
"119",11232,6231,6390,6580,6875,7017,7177,7265,1.02551757342321,1.02973395931142,1.04483282674772,1.02065454545455,1.02280176713695,1.01226139055316,0.0259670104378342,"Sunset Park"
"120",11233,13034,13355,13690,14191,14400,14792,15020,1.02462789627129,1.02508423811307,1.03659605551497,1.01472764428159,1.02722222222222,1.01541373715522,0.0239452989263933,"Bedford-Stuyvesant (East)/Ocean Hill-Brownsville"
"121",11234,17831,18234,18594,19335,19848,20330,20639,1.02260108799282,1.01974333662389,1.03985156502097,1.02653219550039,1.02428456267634,1.01519921298574,0.0247019934666914,"Bergen Beach/Flatlands/Marine Park/Mill Basin"
"122",11235,16352,16690,17022,17572,17849,18339,18630,1.02067025440313,1.01989215098862,1.03231112677711,1.01576371500114,1.02745251834837,1.01586782267299,0.0219929313652261,"Brighton Beach/Manhattan Beach/Sheepshead Bay"
"123",11236,19056,19498,19883,20486,20802,21417,21727,1.02319479429051,1.01974561493487,1.03032741537997,1.01542516840769,1.02956446495529,1.01447448288743,0.0221219901426271,"Canarsie"
"124",11237,11693,11971,12211,12599,12756,13050,13186,1.02377490806465,1.02004845042185,1.03177462943248,1.01246130645289,1.02304797742239,1.0104214559387,0.0202547879554942,"Bushwick/East Williamsburg"
"125",11238,15618,16006,16365,16982,17252,17784,18082,1.02484312972212,1.02242908909159,1.03770241368775,1.01589918737487,1.03083700440529,1.01675663517769,0.0247445765765493,"Clinton Hill/Prospect Heights"
"126",11239,3530,3614,3681,3764,3807,3873,3917,1.02379603399433,1.01853901494189,1.02254822059223,1.01142401700319,1.01733648542159,1.01136070229796,0.017500745708533,"East New York"
"127",11354,13724,13953,14198,14488,14644,14949,15132,1.01668609734771,1.01755894789651,1.02042541202986,1.01076753175041,1.02082764272057,1.01224162151314,0.0164178755430353,"Flushing/Murray Hill"
"128",11355,15496,15752,16027,16447,16638,16995,17193,1.01652039235932,1.01745810055866,1.02620577775005,1.01161306013255,1.02145690587811,1.01165048543689,0.0174841203525959,"Flushing/Murray Hill/Queensboro Hill"
"129",11356,4775,4861,4982,5120,5192,5305,5386,1.01801047120419,1.02489199753137,1.02769971898836,1.0140625,1.02176425269646,1.01526861451461,0.0202829258224972,"College Point"
"130",11357,8233,8404,8581,8874,9062,9273,9411,1.02077007166282,1.02106139933365,1.03414520452162,1.02118548568853,1.02328404325756,1.01488191523779,0.0225546866169939,"Whitestone"
"131",11358,7436,7598,7763,8008,8157,8375,8519,1.02178590640129,1.02171624111608,1.03155996393147,1.01860639360639,1.02672551183033,1.01719402985075,0.022931341122719,"Auburndale/Murray Hill"
"132",11360,4080,4176,4256,4393,4474,4598,4673,1.02352941176471,1.01915708812261,1.03218984962406,1.01843842476667,1.02771569065713,1.01631143975642,0.0228903174485986,"Bayside (North)"
"133",11361,5607,5748,5848,6052,6149,6312,6431,1.02514713750669,1.01739735560195,1.03488372093023,1.01602775941837,1.02650837534558,1.01885297845374,0.0231362212094277,"Bayside (North)/Bayside (South)"
"134",11362,3628,3723,3792,3935,4008,4125,4203,1.02618522601985,1.01853344077357,1.03771097046413,1.01855146124524,1.02919161676647,1.01890909090909,0.0248469676963905,"Douglaston-Little Neck"
"135",11363,1388,1418,1446,1467,1498,1536,1565,1.02161383285303,1.0197461212976,1.01452282157676,1.02113156100886,1.02536715620828,1.01888020833333,0.0202102835463107,"Douglaston-Little Neck"
"136",11364,6391,6552,6679,6906,7030,7202,7320,1.02519167579409,1.01938339438339,1.03398712382093,1.01795540110049,1.02446657183499,1.01638433768398,0.0228947507696455,"Bayside (South)/Oakland Gardens"
"137",11365,8744,8963,9162,9464,9630,9852,10002,1.02504574565416,1.02220238759344,1.0329622353198,1.01754015215554,1.02305295950156,1.01522533495737,0.0226714691969776,"Auburndale/Fresh Meadows/Pomonok/Utopia"
"138",11366,2801,2861,2918,3035,3086,3158,3212,1.02142092109961,1.01992310380986,1.04009595613434,1.0168039538715,1.02333117303953,1.017099430019,0.023112422995639,"Fresh Meadows/Hillcrest"
"139",11367,8974,9249,9476,9776,9918,10119,10247,1.03064408290617,1.0245431938588,1.03165892781764,1.01452536824877,1.02026618269812,1.01264947129163,0.0223812044701901,"Kew Gardens Hills/Pomonok"
"140",11368,27991,28449,28837,29521,29847,30454,30826,1.01636240220071,1.01363844071848,1.02371952699657,1.0110429863487,1.02033705230006,1.01221514415184,0.0162192587860588,"Corona/North Corona"
"141",11369,10005,10169,10338,10600,10750,10963,11080,1.01639180409795,1.0166191365916,1.02534339330625,1.01415094339623,1.01981395348837,1.01067226124236,0.0171652486871268,"Airport/East Elmhurst"
"142",11370,8415,8555,8735,8972,9108,9320,9420,1.01663695781343,1.02104032729398,1.0271322266743,1.01515827017387,1.02327624066755,1.01072961373391,0.0189956060595053,"Jackson Heights/Rikers Island"
"143",11372,17941,18299,18598,19159,19438,19916,20141,1.01995429463241,1.01633969069348,1.03016453382084,1.0145623466778,1.02459100730528,1.01129744928701,0.0194848870694688,"Jackson Heights"
"144",11373,23574,23982,24381,25010,25390,25918,26204,1.0173072028506,1.01663747810858,1.02579877773676,1.01519392243103,1.02079558881449,1.01103480206806,0.017794628668254,"Elmhurst"
"145",11374,9293,9512,9716,10074,10242,10523,10671,1.02356612504035,1.02144659377628,1.03684643886373,1.01667659321024,1.02743604764694,1.01406443029554,0.0233393714721828,"Rego Park"
"146",11375,14916,15320,15646,16252,16550,16960,17276,1.02708500938589,1.02127937336815,1.03873194426691,1.0183362047748,1.02477341389728,1.0186320754717,0.0248063368607869,"Forest Hills"
"147",11377,21845,22221,22595,23227,23568,24171,24446,1.01721217669947,1.01683092570091,1.02797078999779,1.0146811899944,1.02558553971487,1.01137727028257,0.0189429820650024,"Woodside"
"148",11378,7559,7705,7858,8106,8265,8497,8611,1.01931472416986,1.01985723556132,1.03156019343344,1.01961509992598,1.0280701754386,1.01341649994116,0.0219723214117273,"Maspeth"
"149",11379,7852,8042,8199,8471,8659,8896,9047,1.02419765664799,1.01952250683909,1.03317477741188,1.02219336560028,1.02737036609308,1.01697392086331,0.0239054322426062,"Middle Village"
"150",11385,20647,21094,21520,22302,22643,23137,23439,1.02164963432944,1.02019531620366,1.03633828996283,1.01529010851045,1.02181689705428,1.01305268617366,0.021390488705719,"Glendale/Ridgewood"
"151",11411,3980,4067,4136,4266,4317,4405,4469,1.02185929648241,1.01696582247357,1.03143133462282,1.01195499296765,1.02038452629141,1.01452894438138,0.0195208195365408,"Cambria Heights"
"152",11412,7732,7919,8077,8353,8465,8652,8770,1.02418520434558,1.0199520141432,1.03417110313235,1.01340835627918,1.02209096278795,1.01363846509478,0.0212410176305058,"St. Albans"
"153",11413,8230,8446,8593,8867,9005,9209,9354,1.02624544349939,1.01740468860999,1.0318864191784,1.01556332468704,1.02265408106607,1.01574546639157,0.0215832372387461,"Laurelton/Rosedale"
"154",11414,5522,5667,5772,5955,6096,6230,6338,1.02625860195581,1.01852832186342,1.03170478170478,1.02367758186398,1.02198162729659,1.01733547351525,0.0232477313666386,"Hamilton Beach/Howard Beach/Lindenwood"
"155",11415,4486,4593,4709,4874,4939,5062,5128,1.02385198395007,1.02525582408012,1.03503928647271,1.01333606893722,1.02490382668556,1.01303832477282,0.0225708858164166,"Kew Gardens"
"156",11416,4979,5108,5197,5334,5412,5527,5613,1.02590881703153,1.01742364917776,1.02636136232442,1.01462317210349,1.02124907612712,1.0155599782884,0.0201876758421209,"Ozone Park"
"157",11417,6482,6624,6743,6970,7062,7249,7376,1.02190681888306,1.01796497584541,1.03366454100549,1.01319942611191,1.02647975077882,1.01751965788385,0.0217891950847549,"Ozone Park"
"158",11418,7358,7538,7679,7890,8010,8207,8343,1.02446316933949,1.01870522685062,1.02747753613752,1.01520912547529,1.02459425717853,1.01657121969051,0.0211700891119926,"Richmond Hill"
"159",11419,7924,8086,8255,8511,8617,8813,8929,1.02044422009086,1.02090032154341,1.03101150817686,1.012454470685,1.02274573517465,1.01316237376603,0.0201197715728019,"Richmond Hill/South Ozone Park"
"160",11420,8482,8690,8874,9165,9289,9493,9619,1.02452251827399,1.02117376294591,1.03279242731575,1.01352973267867,1.02196145979115,1.01327293795428,0.0212088064932936,"South Ozone Park"
"161",11421,8170,8333,8461,8682,8789,8978,9082,1.01995104039168,1.01536061442458,1.02611984399007,1.01232434922829,1.02150415291842,1.01158387168634,0.0178073121065632,"Woodhaven"
"162",11422,6364,6528,6630,6832,6943,7106,7215,1.02576995600251,1.015625,1.03046757164404,1.01624707259953,1.0234768831917,1.01533915001407,0.0211542722419775,"Rosedale"
"163",11423,6858,7008,7132,7334,7440,7588,7676,1.02187226596675,1.01769406392694,1.02832305103758,1.01445323152441,1.01989247311828,1.01159725882973,0.0189720574006149,"Hollis/Holliswood"
"164",11426,3619,3697,3766,3894,3973,4092,4152,1.02155291516994,1.01866378144441,1.0339883165162,1.02028762198254,1.02995217719607,1.01466275659824,0.0231845948178999,"Bellerose"
"165",11427,5311,5411,5515,5684,5777,5911,5986,1.01882884579175,1.01922010718906,1.03064369900272,1.01636171710063,1.02319543015406,1.01268820842497,0.0201563346105325,"Bellerose/Hollis Hills/Holliswood"
"166",11428,3940,4002,4078,4183,4246,4343,4415,1.01573604060914,1.01899050474763,1.02574791564492,1.01506096103275,1.02284503061705,1.01657840202625,0.0191598091129566,"Queens Village"
"167",11429,6146,6259,6359,6541,6640,6769,6869,1.01838594207615,1.01597699312989,1.02862085233527,1.01513530041278,1.01942771084337,1.0147732309056,0.0187200049505112,"Queens Village"
"168",11432,12389,12659,12930,13359,13554,13854,14079,1.02179352651546,1.02140769413066,1.03317865429234,1.01459690096564,1.02213368747233,1.01624079688177,0.0215585433763665,"Hillcrest/Jamaica Estates/Jamaica Hills"
"169",11433,6851,6988,7131,7372,7479,7667,7767,1.01999708071814,1.02046365197481,1.03379610152854,1.01451437873033,1.02513705040781,1.01304291117777,0.0211585290895682,"Jamaica"
"170",11434,13492,13823,14109,14538,14763,15084,15290,1.02453305662615,1.02069015409101,1.0304061237508,1.01547668179942,1.02174354805934,1.01365685494564,0.0210844032120585,"Airport/South Jamaica/Springfield Gardens/St. Albans"
"171",11435,11099,11352,11570,11913,12106,12387,12565,1.02279484638256,1.0192036645525,1.02964563526361,1.01620078905397,1.0232116305964,1.01436990393154,0.0209044116300976,"Briarwood/Jamaica"
"172",11436,3573,3654,3724,3856,3915,4011,4065,1.02267002518892,1.01915708812261,1.03544575725027,1.01530082987552,1.02452107279693,1.01346297681376,0.021759625008001,"South Jamaica/South Ozone Park"
"173",11691,17067,17584,17948,18364,18642,18984,19239,1.03029237710201,1.02070063694268,1.02317806997994,1.01513831409279,1.01834567106534,1.01343236409608,0.0201812388798057,"Edgemere/Far Rockaway"
"174",11692,4955,5031,5137,5262,5323,5449,5506,1.01533804238143,1.02106936990658,1.02433326844462,1.01159255036108,1.0236708622957,1.0104606349789,0.0177441213947169,"Arverne/Edgemere"
"175",11693,2424,2480,2534,2610,2645,2721,2761,1.02310231023102,1.02177419354839,1.02999210734017,1.01340996168582,1.02873345935728,1.01470047776553,0.0219520849880355,"Arverne/Broad Channel"
"176",11694,5026,5109,5200,5368,5447,5564,5631,1.01651412654198,1.01781170483461,1.03230769230769,1.01471684053651,1.02147971360382,1.01204169662114,0.0191452957409577,"Belle Harbor-Neponsit/Rockaway Park"
"177",11697,1523,1540,1559,1600,1624,1650,1663,1.01116217990808,1.01233766233766,1.02629890955741,1.015,1.01600985221675,1.00787878787879,0.014781231983114,"Breezy Point"
